seqName	clade	qc.overallScore	qc.overallStatus	totalSubstitutions	totalDeletions	totalInsertions	totalFrameShifts	totalAminoacidSubstitutions	totalAminoacidDeletions	totalAminoacidInsertions	totalMissing	totalNonACGTNs	totalPcrPrimerChanges	substitutions	deletions	insertions	privateNucMutations.reversionSubstitutions	privateNucMutations.labeledSubstitutions	privateNucMutations.unlabeledSubstitutions	privateNucMutations.totalReversionSubstitutions	privateNucMutations.totalLabeledSubstitutions	privateNucMutations.totalUnlabeledSubstitutions	privateNucMutations.totalPrivateSubstitutions	frameShifts	aaSubstitutions	aaDeletions	aaInsertions	missing	nonACGTNs	pcrPrimerChanges	alignmentScore	alignmentStart	alignmentEnd	coverage	qc.missingData.missingDataThreshold	qc.missingData.score	qc.missingData.status	qc.missingData.totalMissing	qc.mixedSites.mixedSitesThreshold	qc.mixedSites.score	qc.mixedSites.status	qc.mixedSites.totalMixedSites	qc.privateMutations.cutoff	qc.privateMutations.excess	qc.privateMutations.score	qc.privateMutations.status	qc.privateMutations.total	qc.snpClusters.clusteredSNPs	qc.snpClusters.score	qc.snpClusters.status	qc.snpClusters.totalSNPs	qc.frameShifts.frameShifts	qc.frameShifts.totalFrameShifts	qc.frameShifts.frameShiftsIgnored	qc.frameShifts.totalFrameShiftsIgnored	qc.frameShifts.score	qc.frameShifts.status	qc.stopCodons.stopCodons	qc.stopCodons.totalStopCodons	qc.stopCodons.score	qc.stopCodons.status	isReverseComplement	failedGenes	warnings	errors
EPI_ISL_5332901|B/Maryland/01/2021|HA	V1A.3a.2	0	good	47	9	0	0	14	3	0	0	0	0	T159C,C252A,C270T,G297A,G312T,A318G,A325G,C375T,C378T,A427G,C441T,T444C,G457A,A463G,T465A,A484G,C509T,T510C,C528A,T534C,C537T,A622G,G629A,A667G,C669A,G673A,A686G,C699T,A739G,T753C,T810C,A840G,G846A,G873A,G914A,T942C,C969T,G1119A,T1134C,A1152G,A1227T,A1404G,G1665A,T1668C,C1782T,G1794A,A1835G	562-570				G1665A	0	0	1	1		HA1:I83V,HA1:I117V,HA1:A127T,HA1:N129E,HA1:K136E,HA1:P144L,HA1:N150K,HA1:T182A,HA1:G184E,HA1:N197E,HA1:A199T,HA1:K203R,HA1:T221A,HA1:R279K	HA1:K162-,HA1:N163-,HA1:D164-					5346	14	1870	0.9846153846153848					4	0	good	0	15	-5	0	good	0						0		0	0	good		0	0	good	false			
EPI_ISL_2521320|B/Maryland/01/2021|HA	V1A.3a.2	0	good	46	9	0	0	14	3	0	0	0	0	T159C,C252A,C270T,G297A,G312T,A318G,A325G,C375T,C378T,A427G,C441T,T444C,G457A,A463G,T465A,A484G,C509T,T510C,C528A,T534C,C537T,A622G,G629A,A667G,C669A,G673A,A686G,C699T,A739G,T753C,T810C,A840G,G846A,G873A,G914A,T942C,C969T,G1119A,T1134C,A1152G,A1227T,A1404G,T1668C,C1782T,G1794A,A1835G	562-570					0	0	0	0		HA1:I83V,HA1:I117V,HA1:A127T,HA1:N129E,HA1:K136E,HA1:P144L,HA1:N150K,HA1:T182A,HA1:G184E,HA1:N197E,HA1:A199T,HA1:K203R,HA1:T221A,HA1:R279K	HA1:K162-,HA1:N163-,HA1:D164-					5350	14	1870	0.9846153846153848					4	0	good	0	15	-5	0	good	0						0		0	0	good		0	0	good	false			
EPI_ISL_2521324|B/Maryland/01/2021|HA	V1A.3a.2	0	good	46	9	0	0	14	3	0	0	0	0	T159C,C252A,C270T,G297A,G312T,A318G,A325G,C375T,C378T,A427G,C441T,T444C,G457A,A463G,T465A,A484G,C509T,T510C,C528A,T534C,C537T,A622G,G629A,A667G,C669A,G673A,A686G,C699T,A739G,T753C,T810C,A840G,G846A,G873A,G914A,T942C,C969T,G1119A,T1134C,A1152G,A1227T,A1404G,T1668C,C1782T,G1794A,A1835G	562-570					0	0	0	0		HA1:I83V,HA1:I117V,HA1:A127T,HA1:N129E,HA1:K136E,HA1:P144L,HA1:N150K,HA1:T182A,HA1:G184E,HA1:N197E,HA1:A199T,HA1:K203R,HA1:T221A,HA1:R279K	HA1:K162-,HA1:N163-,HA1:D164-					5350	14	1870	0.9846153846153848					4	0	good	0	15	-5	0	good	0						0		0	0	good		0	0	good	false			
EPI_ISL_4878628|B/Maryland/01/2021|HA	V1A.3a.2	0	good	47	9	0	0	15	3	0	0	0	0	T159C,C252A,C270T,G297A,G312T,A318G,A325G,C375T,C378T,A427G,C441T,T444C,G457A,A463G,T465A,A484G,C509T,T510C,C528A,T534C,C537T,A622G,G629A,A667G,C669A,G670A,G673A,A686G,C699T,A739G,T753C,T810C,A840G,G846A,G873A,G914A,T942C,C969T,G1119A,T1134C,A1152G,A1227T,A1404G,T1668C,C1782T,G1794A,A1835G	562-570				G670A	0	0	1	1		HA1:I83V,HA1:I117V,HA1:A127T,HA1:N129E,HA1:K136E,HA1:P144L,HA1:N150K,HA1:T182A,HA1:G184E,HA1:N197E,HA1:E198K,HA1:A199T,HA1:K203R,HA1:T221A,HA1:R279K	HA1:K162-,HA1:N163-,HA1:D164-					5346	14	1870	0.9846153846153848					4	0	good	0	15	-5	0	good	0						0		0	0	good		0	0	good	false			
EPI_ISL_415949|B/Maryland/07/2020|HA	V1A.3	0	good	36	9	0	0	6	3	0	0	0	0	T153C,T159C,C270T,G297A,G312T,A318G,C378T,T402C,A427G,C441T,T444C,G460A,A463G,G475A,A484G,C507T,T534C,G673A,T810C,A837G,G846A,G873A,T942C,C969T,T1095C,G1119A,A1131G,T1134C,A1152G,A1227T,T1389C,T1659C,T1668C,C1782T,G1794A,A1835G	562-570				T402C,C507T	0	0	2	2		HA1:I117V,HA1:E128K,HA1:N129D,HA1:G133R,HA1:K136E,HA1:A199T	HA1:K162-,HA1:N163-,HA1:D164-					5390	14	1870	0.9846153846153848					4	0	good	0	15	-5	0	good	0						0		0	0	good		0	0	good	false			
EPI_ISL_424783|B/Maryland/12/2020|HA	V1A.3	0	good	34	9	0	0	6	3	0	0	0	0	C72T,T153C,T159C,C270T,G297A,G312T,A318G,C378T,A427G,C441T,T444C,G460A,A463G,G475A,A484G,T534C,G673A,T810C,A837G,G846A,G873A,T942C,C969T,T1095C,G1119A,T1134C,A1152G,A1227T,T1389C,T1659C,T1668C,C1782T,G1794A,A1835G	562-570					0	0	0	0		HA1:I117V,HA1:E128K,HA1:N129D,HA1:G133R,HA1:K136E,HA1:A199T	HA1:K162-,HA1:N163-,HA1:D164-					5398	14	1870	0.9846153846153848					4	0	good	0	15	-5	0	good	0						0		0	0	good		0	0	good	false			
EPI_ISL_415950|B/Maryland/08/2020|HA	V1A.3	0	good	35	9	0	0	6	3	0	0	0	0	T153C,T159C,C270T,G297A,G312T,A318G,C378T,A427G,C441T,T444C,G460A,A463G,G475A,A484G,T534C,G673A,T810C,A837G,G846A,G873A,T942C,C969T,T1095C,G1119A,A1131G,T1134C,T1140C,A1152G,A1227T,T1389C,T1659C,T1668C,C1782T,G1794A,A1835G	562-570					0	0	0	0		HA1:I117V,HA1:E128K,HA1:N129D,HA1:G133R,HA1:K136E,HA1:A199T	HA1:K162-,HA1:N163-,HA1:D164-					5394	14	1870	0.9846153846153848					4	0	good	0	15	-5	0	good	0						0		0	0	good		0	0	good	false			
EPI_ISL_400195|B/Maryland/24/2019|HA	V1A.3	0	good	33	9	0	0	6	3	0	0	0	0	T153C,T159C,C270T,G297A,G312T,A318G,C378T,A427G,C441T,T444C,G460A,A463G,G475A,A484G,T534C,G673A,T810C,A837G,G846A,G873A,T942C,C969T,T1095C,G1119A,T1134C,A1152G,A1227T,T1389C,T1659C,T1668C,C1782T,G1794A,A1835G	562-570					0	0	0	0		HA1:I117V,HA1:E128K,HA1:N129D,HA1:G133R,HA1:K136E,HA1:A199T	HA1:K162-,HA1:N163-,HA1:D164-					5402	14	1870	0.9846153846153848					4	0	good	0	15	-5	0	good	0						0		0	0	good		0	0	good	false			
EPI_ISL_403038|B/Maryland/24/2019|HA	V1A.3	0	good	33	9	0	0	6	3	0	0	0	0	T153C,T159C,C270T,G297A,G312T,A318G,C378T,A427G,C441T,T444C,G460A,A463G,G475A,A484G,T534C,G673A,T810C,A837G,G846A,G873A,T942C,C969T,T1095C,G1119A,T1134C,A1152G,A1227T,T1389C,T1659C,T1668C,C1782T,G1794A,A1835G	562-570					0	0	0	0		HA1:I117V,HA1:E128K,HA1:N129D,HA1:G133R,HA1:K136E,HA1:A199T	HA1:K162-,HA1:N163-,HA1:D164-					5402	14	1870	0.9846153846153848					4	0	good	0	15	-5	0	good	0						0		0	0	good		0	0	good	false			
EPI_ISL_405810|B/Maryland/24/2019|HA	V1A.3	0	good	33	9	0	0	6	3	0	0	0	0	T153C,T159C,C270T,G297A,G312T,A318G,C378T,A427G,C441T,T444C,G460A,A463G,G475A,A484G,T534C,G673A,T810C,A837G,G846A,G873A,T942C,C969T,T1095C,G1119A,T1134C,A1152G,A1227T,T1389C,T1659C,T1668C,C1782T,G1794A,A1835G	562-570					0	0	0	0		HA1:I117V,HA1:E128K,HA1:N129D,HA1:G133R,HA1:K136E,HA1:A199T	HA1:K162-,HA1:N163-,HA1:D164-					5402	14	1870	0.9846153846153848					4	0	good	0	15	-5	0	good	0						0		0	0	good		0	0	good	false			
EPI_ISL_400196|B/Maryland/26/2019|HA	V1A.3	0	good	34	9	0	0	6	3	0	0	0	0	T153C,T159C,C270T,G297A,G312T,A318G,C378T,A427G,C441T,T444C,G460A,A463G,G475A,A484G,T534C,G673A,T810C,A837G,G846A,G873A,T942C,C969T,T1095C,G1119A,A1131G,T1134C,A1152G,A1227T,T1389C,T1659C,T1668C,C1782T,G1794A,A1835G	562-570					0	0	0	0		HA1:I117V,HA1:E128K,HA1:N129D,HA1:G133R,HA1:K136E,HA1:A199T	HA1:K162-,HA1:N163-,HA1:D164-					5398	14	1870	0.9846153846153848					4	0	good	0	15	-5	0	good	0						0		0	0	good		0	0	good	false			
EPI_ISL_402962|B/Maryland/26/2019|HA	V1A.3	0	good	34	9	0	0	6	3	0	0	0	0	T153C,T159C,C270T,G297A,G312T,A318G,C378T,A427G,C441T,T444C,G460A,A463G,G475A,A484G,T534C,G673A,T810C,A837G,G846A,G873A,T942C,C969T,T1095C,G1119A,A1131G,T1134C,A1152G,A1227T,T1389C,T1659C,T1668C,C1782T,G1794A,A1835G	562-570					0	0	0	0		HA1:I117V,HA1:E128K,HA1:N129D,HA1:G133R,HA1:K136E,HA1:A199T	HA1:K162-,HA1:N163-,HA1:D164-					5398	14	1870	0.9846153846153848					4	0	good	0	15	-5	0	good	0						0		0	0	good		0	0	good	false			
EPI_ISL_403042|B/Maryland/30/2019|HA	V1A.3	0	good	36	9	0	0	6	3	0	0	0	0	T153C,T159C,C270T,G297A,G312T,A318G,C378T,A427G,C441T,T444C,A463G,G475A,A484G,T534C,G673A,T810C,A837G,G846A,G873A,G921A,T942C,C969T,A1030G,T1095C,G1119A,T1134C,A1152G,A1227T,G1365A,C1428T,C1611T,T1659C,T1668C,C1782T,G1794A,A1835G	562-570				A1030G,G1365A,C1428T,C1611T	0	0	4	4		HA1:I117V,HA1:N129D,HA1:G133R,HA1:K136E,HA1:A199T,HA1:I318V	HA1:K162-,HA1:N163-,HA1:D164-					5390	14	1870	0.9846153846153848					4	0	good	0	15	-5	0	good	0						0		0	0	good		0	0	good	false			
EPI_ISL_405791|B/Maryland/30/2019|HA	V1A.3	0	good	36	9	0	0	6	3	0	0	0	0	T153C,T159C,C270T,G297A,G312T,A318G,C378T,A427G,C441T,T444C,A463G,G475A,A484G,T534C,G673A,T810C,A837G,G846A,G873A,G921A,T942C,C969T,A1030G,T1095C,G1119A,T1134C,A1152G,A1227T,G1365A,C1428T,C1611T,T1659C,T1668C,C1782T,G1794A,A1835G	562-570				A1030G,G1365A,C1428T,C1611T	0	0	4	4		HA1:I117V,HA1:N129D,HA1:G133R,HA1:K136E,HA1:A199T,HA1:I318V	HA1:K162-,HA1:N163-,HA1:D164-					5390	14	1870	0.9846153846153848					4	0	good	0	15	-5	0	good	0						0		0	0	good		0	0	good	false			
EPI_ISL_424784|B/Maryland/11/2020|HA	V1A.3	0	good	35	9	0	0	5	3	0	0	0	0	T153C,T159C,C270T,G297A,G312T,A318G,A336G,C360T,C378T,A427G,C441T,T444C,A463G,G475A,A484G,T534C,G673A,T810C,A837G,G846A,G873A,T942C,C969T,T1095C,G1119A,T1134C,A1152G,A1227T,A1311G,C1344T,T1659C,T1668C,C1782T,G1794A,A1835G	562-570				A336G,C360T	0	0	2	2		HA1:I117V,HA1:N129D,HA1:G133R,HA1:K136E,HA1:A199T	HA1:K162-,HA1:N163-,HA1:D164-					5394	14	1870	0.9846153846153848					4	0	good	0	15	-5	0	good	0						0		0	0	good		0	0	good	false			
EPI_ISL_410921|B/Maryland/06/2020|HA	V1A.3	0	good	30	9	0	0	5	3	0	0	0	0	C270T,G297A,G312T,A318G,C378T,A427G,C441T,T444C,A463G,G475A,A484G,T534C,G673A,T810C,A837G,G846A,G873A,T942C,C969T,T1095C,G1119A,T1134C,A1152G,A1227T,T1282C,T1659C,T1668C,C1782T,G1794A,A1835G	562-570		C153T,C159T			2	0	0	2		HA1:I117V,HA1:N129D,HA1:G133R,HA1:K136E,HA1:A199T	HA1:K162-,HA1:N163-,HA1:D164-					5414	14	1870	0.9846153846153848					4	0	good	0	15	-5	0	good	0						0		0	0	good		0	0	good	false			
EPI_ISL_410920|B/Maryland/05/2020|HA	V1A.3	0	good	34	9	0	0	5	3	0	0	0	0	T153C,T159C,C270T,G297A,G312T,A318G,C378T,A427G,C441T,T444C,C447T,A463G,G475A,A484G,T534C,G673A,T810C,A837G,G846A,G873A,T942C,C969T,T1095C,G1119A,T1134C,A1152G,A1227T,T1282C,T1623C,T1659C,T1668C,C1782T,G1794A,A1835G	562-570					0	0	0	0		HA1:I117V,HA1:N129D,HA1:G133R,HA1:K136E,HA1:A199T	HA1:K162-,HA1:N163-,HA1:D164-					5398	14	1870	0.9846153846153848					4	0	good	0	15	-5	0	good	0						0		0	0	good		0	0	good	false			
EPI_ISL_409331|B/Maryland/31/2019|HA	V1A.3	0	good	34	9	0	0	6	3	0	0	0	0	T44C,T153C,T159C,C270T,T277C,G297A,G312T,A318G,C378T,A427G,C441T,T444C,A463G,G475A,A484G,T534C,G673A,T810C,A837G,G846A,G873A,T942C,C969T,T1095C,G1119A,T1134C,A1152G,A1227T,T1282C,T1659C,T1668C,C1782T,G1794A,A1835G	562-570				T44C,T277C	0	0	2	2		HA1:I117V,HA1:N129D,HA1:G133R,HA1:K136E,HA1:A199T,SigPep:I4T	HA1:K162-,HA1:N163-,HA1:D164-					5398	14	1870	0.9846153846153848					4	0	good	0	15	-5	0	good	0						0		0	0	good		0	0	good	false			
EPI_ISL_401252|B/Maryland/28/2019|HA	V1A.3	0	good	33	9	0	0	6	3	0	0	0	0	T153C,T159C,C270T,G297A,G312T,A318G,C378T,A427G,C441T,T444C,A463G,G475A,A484G,T534C,C623A,G673A,T810C,A837G,G846A,G873A,A924G,T942C,C969T,T1095C,G1119A,T1134C,A1152G,A1227T,T1659C,T1668C,C1782T,G1794A,A1835G	562-570					0	0	0	0		HA1:I117V,HA1:N129D,HA1:G133R,HA1:K136E,HA1:T182K,HA1:A199T	HA1:K162-,HA1:N163-,HA1:D164-					5402	14	1870	0.9846153846153848					4	0	good	0	15	-5	0	good	0						0		0	0	good		0	0	good	false			
EPI_ISL_404646|B/Maryland/28/2019|HA	V1A.3	0	good	33	9	0	0	6	3	0	0	0	0	T153C,T159C,C270T,G297A,G312T,A318G,C378T,A427G,C441T,T444C,A463G,G475A,A484G,T534C,C623A,G673A,T810C,A837G,G846A,G873A,A924G,T942C,C969T,T1095C,G1119A,T1134C,A1152G,A1227T,T1659C,T1668C,C1782T,G1794A,A1835G	562-570					0	0	0	0		HA1:I117V,HA1:N129D,HA1:G133R,HA1:K136E,HA1:T182K,HA1:A199T	HA1:K162-,HA1:N163-,HA1:D164-					5402	14	1870	0.9846153846153848					4	0	good	0	15	-5	0	good	0						0		0	0	good		0	0	good	false			
EPI_ISL_362512|B/Maryland/17/2019|HA	V1A.3	0	good	33	9	0	0	5	3	0	0	0	0	T153C,T159C,C235T,C270T,G297A,G312T,A318G,C378T,A427G,C441T,T444C,A463G,G475A,A484G,T534C,G673A,T810C,A837G,G846A,G873A,T942C,C969T,T1095C,G1119A,T1134C,A1152G,A1227T,T1659C,T1668C,C1723T,C1782T,G1794A,A1835G	562-570				C235T,C1723T	0	0	2	2		HA1:I117V,HA1:N129D,HA1:G133R,HA1:K136E,HA1:A199T	HA1:K162-,HA1:N163-,HA1:D164-					5402	14	1870	0.9846153846153848					4	0	good	0	15	-5	0	good	0						0		0	0	good		0	0	good	false			
EPI_ISL_364257|B/Maryland/22/2019|HA	V1A.3	0	good	33	9	0	0	5	3	0	0	0	0	T153C,T159C,C235T,C270T,G297A,G312T,A318G,C378T,A427G,C441T,T444C,A463G,G475A,A484G,T534C,G673A,T810C,A837G,G846A,G873A,T942C,C969T,T1095C,G1119A,T1134C,A1152G,A1227T,T1659C,T1668C,C1723T,C1782T,G1794A,A1835G	562-570				C235T,C1723T	0	0	2	2		HA1:I117V,HA1:N129D,HA1:G133R,HA1:K136E,HA1:A199T	HA1:K162-,HA1:N163-,HA1:D164-					5402	14	1870	0.9846153846153848					4	0	good	0	15	-5	0	good	0						0		0	0	good		0	0	good	false			
EPI_ISL_356337|B/Maryland/15/2019|HA	V1A.3	0	good	33	9	0	0	6	3	0	0	0	0	T153C,T159C,C270T,G297A,G312T,A318G,C378T,A427G,C441T,T444C,A463G,G475A,A484G,T534C,G607A,G673A,T810C,A837G,G846A,G873A,G939A,T942C,C969T,T1095C,G1119A,T1134C,A1152G,A1227T,T1659C,T1668C,C1782T,G1794A,A1835G	562-570				G607A	0	0	1	1		HA1:I117V,HA1:N129D,HA1:G133R,HA1:K136E,HA1:V177I,HA1:A199T	HA1:K162-,HA1:N163-,HA1:D164-					5402	14	1870	0.9846153846153848					4	0	good	0	15	-5	0	good	0						0		0	0	good		0	0	good	false			
EPI_ISL_491705|B/Maryland/15/2019|HA	V1A.3	0	good	33	9	0	0	6	3	0	0	0	0	T153C,T159C,C270T,G297A,G312T,A318G,C378T,A427G,C441T,T444C,A463G,G475A,A484G,T534C,G607A,G673A,T810C,A837G,G846A,G873A,G939A,T942C,C969T,T1095C,G1119A,T1134C,A1152G,A1227T,T1659C,T1668C,C1782T,G1794A,A1835G	562-570				G607A	0	0	1	1		HA1:I117V,HA1:N129D,HA1:G133R,HA1:K136E,HA1:V177I,HA1:A199T	HA1:K162-,HA1:N163-,HA1:D164-					5402	14	1870	0.9846153846153848					4	0	good	0	15	-5	0	good	0						0		0	0	good		0	0	good	false			
EPI_ISL_415951|B/Maryland/10/2020|HA	V1A.3	0	good	33	9	0	0	6	3	0	0	0	0	T153C,T159C,C270T,G297A,G312T,A318G,C378T,A427G,C441T,T444C,A463G,G475A,A484G,T534C,G673A,T810C,A837G,G846A,A850C,G873A,T942C,C969T,T1095C,G1119A,T1134C,A1152G,A1227T,T1282C,T1659C,T1668C,C1782T,G1794A,A1835G	562-570				A850C	0	0	1	1		HA1:I117V,HA1:N129D,HA1:G133R,HA1:K136E,HA1:A199T,HA1:T258P	HA1:K162-,HA1:N163-,HA1:D164-					5402	14	1870	0.9846153846153848					4	0	good	0	15	-5	0	good	0						0		0	0	good		0	0	good	false			
EPI_ISL_401250|B/Maryland/27/2019|HA	V1A.3	0	good	32	9	0	0	5	3	0	0	0	0	T153C,T159C,C270T,G297A,G312T,A318G,C378T,A427G,C441T,T444C,A463G,G475A,A484G,T534C,G673A,T810C,A837G,G846A,G873A,T942C,C969T,T1095C,G1119A,T1134C,A1152G,A1227T,T1282C,T1659C,T1668C,C1782T,G1794A,A1835G	562-570					0	0	0	0		HA1:I117V,HA1:N129D,HA1:G133R,HA1:K136E,HA1:A199T	HA1:K162-,HA1:N163-,HA1:D164-					5406	14	1870	0.9846153846153848					4	0	good	0	15	-5	0	good	0						0		0	0	good		0	0	good	false			
EPI_ISL_403041|B/Maryland/29/2019|HA	V1A.3	0	good	32	9	0	0	5	3	0	0	0	0	T153C,T159C,C270T,G297A,G312T,A318G,C378T,A427G,C441T,T444C,A463G,G475A,A484G,T534C,G673A,T810C,A837G,G846A,G873A,T942C,C969T,T1095C,G1119A,T1134C,A1152G,A1227T,T1282C,T1659C,T1668C,C1782T,G1794A,A1835G	562-570					0	0	0	0		HA1:I117V,HA1:N129D,HA1:G133R,HA1:K136E,HA1:A199T	HA1:K162-,HA1:N163-,HA1:D164-					5406	14	1870	0.9846153846153848					4	0	good	0	15	-5	0	good	0						0		0	0	good		0	0	good	false			
EPI_ISL_404648|B/Maryland/27/2019|HA	V1A.3	0	good	32	9	0	0	5	3	0	0	0	0	T153C,T159C,C270T,G297A,G312T,A318G,C378T,A427G,C441T,T444C,A463G,G475A,A484G,T534C,G673A,T810C,A837G,G846A,G873A,T942C,C969T,T1095C,G1119A,T1134C,A1152G,A1227T,T1282C,T1659C,T1668C,C1782T,G1794A,A1835G	562-570					0	0	0	0		HA1:I117V,HA1:N129D,HA1:G133R,HA1:K136E,HA1:A199T	HA1:K162-,HA1:N163-,HA1:D164-					5406	14	1870	0.9846153846153848					4	0	good	0	15	-5	0	good	0						0		0	0	good		0	0	good	false			
EPI_ISL_405774|B/Maryland/29/2019|HA	V1A.3	0	good	32	9	0	0	5	3	0	0	0	0	T153C,T159C,C270T,G297A,G312T,A318G,C378T,A427G,C441T,T444C,A463G,G475A,A484G,T534C,G673A,T810C,A837G,G846A,G873A,T942C,C969T,T1095C,G1119A,T1134C,A1152G,A1227T,T1282C,T1659C,T1668C,C1782T,G1794A,A1835G	562-570					0	0	0	0		HA1:I117V,HA1:N129D,HA1:G133R,HA1:K136E,HA1:A199T	HA1:K162-,HA1:N163-,HA1:D164-					5406	14	1870	0.9846153846153848					4	0	good	0	15	-5	0	good	0						0		0	0	good		0	0	good	false			
EPI_ISL_409333|B/Maryland/33/2019|HA	V1A.3	0	good	32	9	0	0	5	3	0	0	0	0	T153C,T159C,C270T,G297A,G312T,A318G,C378T,A427G,C441T,T444C,A463G,G475A,A484G,T534C,G673A,T810C,A837G,G846A,G873A,T942C,C969T,T1095C,G1119A,T1134C,A1152G,A1227T,T1282C,T1659C,T1668C,C1782T,G1794A,A1835G	562-570					0	0	0	0		HA1:I117V,HA1:N129D,HA1:G133R,HA1:K136E,HA1:A199T	HA1:K162-,HA1:N163-,HA1:D164-					5406	14	1870	0.9846153846153848					4	0	good	0	15	-5	0	good	0						0		0	0	good		0	0	good	false			
EPI_ISL_409335|B/Maryland/01/2020|HA	V1A.3	0	good	32	9	0	0	5	3	0	0	0	0	T153C,T159C,C270T,G297A,G312T,A318G,C378T,A427G,C441T,T444C,A463G,G475A,A484G,T534C,G673A,T810C,A837G,G846A,G873A,T942C,C969T,T1095C,G1119A,T1134C,A1152G,A1227T,T1282C,T1659C,T1668C,C1782T,G1794A,A1835G	562-570					0	0	0	0		HA1:I117V,HA1:N129D,HA1:G133R,HA1:K136E,HA1:A199T	HA1:K162-,HA1:N163-,HA1:D164-					5406	14	1870	0.9846153846153848					4	0	good	0	15	-5	0	good	0						0		0	0	good		0	0	good	false			
EPI_ISL_491850|B/Maryland/02/2020|HA	V1A.3	0	good	32	9	0	0	5	3	0	0	0	0	T153C,T159C,C270T,G297A,G312T,A318G,C378T,A427G,C441T,T444C,A463G,G475A,A484G,T534C,G673A,T810C,A837G,G846A,G873A,T942C,C969T,T1095C,G1119A,T1134C,A1152G,A1227T,T1282C,T1659C,T1668C,C1782T,G1794A,A1835G	562-570					0	0	0	0		HA1:I117V,HA1:N129D,HA1:G133R,HA1:K136E,HA1:A199T	HA1:K162-,HA1:N163-,HA1:D164-					5406	14	1870	0.9846153846153848					4	0	good	0	15	-5	0	good	0						0		0	0	good		0	0	good	false			
EPI_ISL_397138|B/Maryland/23/2019|HA	V1A.3	0	good	32	9	0	0	5	3	0	0	0	0	T153C,T159C,C270T,G297A,G312T,A318G,C378T,A427G,C441T,T444C,A463G,G475A,A484G,T534C,G673A,T810C,A837G,G846A,G873A,T942C,C969T,T1095C,G1119A,T1134C,A1152G,A1227T,G1470T,T1659C,T1668C,C1782T,G1794A,A1835G	562-570					0	0	0	0		HA1:I117V,HA1:N129D,HA1:G133R,HA1:K136E,HA1:A199T	HA1:K162-,HA1:N163-,HA1:D164-					5406	14	1870	0.9846153846153848					4	0	good	0	15	-5	0	good	0						0		0	0	good		0	0	good	false			
EPI_ISL_409334|B/Maryland/03/2020|HA	V1A.3	0	good	31	9	0	0	5	3	0	0	0	0	T153C,T159C,C270T,G297A,G312T,A318G,C378T,A427G,C441T,T444C,A463G,G475A,A484G,T534C,G673A,T810C,A837G,G846A,G873A,T942C,C969T,T1095C,G1119A,T1134C,A1152G,A1227T,T1659C,T1668C,C1782T,G1794A,A1835G	562-570					0	0	0	0		HA1:I117V,HA1:N129D,HA1:G133R,HA1:K136E,HA1:A199T	HA1:K162-,HA1:N163-,HA1:D164-					5410	14	1870	0.9846153846153848					4	0	good	0	15	-5	0	good	0						0		0	0	good		0	0	good	false			
EPI_ISL_410919|B/Maryland/04/2020|HA	V1A.3	0	good	31	9	0	0	5	3	0	0	0	0	T153C,T159C,C270T,G297A,G312T,A318G,C378T,A427G,C441T,T444C,A463G,G475A,A484G,T534C,G673A,T810C,A837G,G846A,G873A,T942C,C969T,T1095C,G1119A,T1134C,A1152G,A1227T,T1659C,T1668C,C1782T,G1794A,A1835G	562-570					0	0	0	0		HA1:I117V,HA1:N129D,HA1:G133R,HA1:K136E,HA1:A199T	HA1:K162-,HA1:N163-,HA1:D164-					5410	14	1870	0.9846153846153848					4	0	good	0	15	-5	0	good	0						0		0	0	good		0	0	good	false			
EPI_ISL_243867|B/Maryland/15/2016|HA	V1A	0	good	27	6	0	0	5	2	0	0	0	0	T159C,C270T,G297A,G312T,A318G,C378T,A427G,C441T,T444C,A463G,T534C,A616G,C657T,G673A,T810C,G846A,G873A,C969T,A1152G,A1212G,A1227T,C1566T,G1571A,C1782T,G1794A,T1832G,A1835G	562-567					0	0	0	0		HA1:I117V,HA1:N129D,HA1:I180V,HA1:A199T,HA2:R152K	HA1:K162-,HA1:N163-					5435	14	1870	0.9846153846153848					4	0	good	0	15	-5	0	good	0						0		0	0	good		0	0	good	false			
EPI_ISL_249920|B/Maryland/15/2016|HA	V1A	0	good	27	6	0	0	5	2	0	0	0	0	T159C,C270T,G297A,G312T,A318G,C378T,A427G,C441T,T444C,A463G,T534C,A616G,C657T,G673A,T810C,G846A,G873A,C969T,A1152G,A1212G,A1227T,C1566T,G1571A,C1782T,G1794A,T1832G,A1835G	562-567					0	0	0	0		HA1:I117V,HA1:N129D,HA1:I180V,HA1:A199T,HA2:R152K	HA1:K162-,HA1:N163-					5435	14	1870	0.9846153846153848					4	0	good	0	15	-5	0	good	0						0		0	0	good		0	0	good	false			
EPI_ISL_255797|B/Maryland/15/2016|HA	V1A	0	good	27	6	0	0	5	2	0	0	0	0	T159C,C270T,G297A,G312T,A318G,C378T,A427G,C441T,T444C,A463G,T534C,A616G,C657T,G673A,T810C,G846A,G873A,C969T,A1152G,A1212G,A1227T,C1566T,G1571A,C1782T,G1794A,T1832G,A1835G	562-567					0	0	0	0		HA1:I117V,HA1:N129D,HA1:I180V,HA1:A199T,HA2:R152K	HA1:K162-,HA1:N163-					5435	14	1870	0.9846153846153848					4	0	good	0	15	-5	0	good	0						0		0	0	good		0	0	good	false			
EPI_ISL_276627|B/Maryland/15/2016|HA	V1A	0	good	28	6	0	0	5	2	0	0	0	0	T159C,C270T,G297A,G312T,A318G,C378T,A427G,C441T,T444C,A463G,T534C,A616G,C657T,G673A,C674T,T810C,G846A,G873A,C969T,A1152G,A1212G,A1227T,C1566T,G1571A,C1782T,G1794A,T1832G,A1835G	562-567				C674T	0	0	1	1		HA1:I117V,HA1:N129D,HA1:I180V,HA1:A199I,HA2:R152K	HA1:K162-,HA1:N163-					5431	14	1870	0.9846153846153848					4	0	good	0	15	-5	0	good	0						0		0	0	good		0	0	good	false			
EPI_ISL_314706|B/Maryland/15/2016|HA	V1A	0	good	28	6	0	0	5	2	0	0	0	0	T159C,C270T,G297A,G312T,A318G,C378T,A427G,C441T,T444C,A463G,T534C,A616G,C657T,G673A,C674T,T810C,G846A,G873A,C969T,A1152G,A1212G,A1227T,C1566T,G1571A,C1782T,G1794A,T1832G,A1835G	562-567				C674T	0	0	1	1		HA1:I117V,HA1:N129D,HA1:I180V,HA1:A199I,HA2:R152K	HA1:K162-,HA1:N163-					5431	14	1870	0.9846153846153848					4	0	good	0	15	-5	0	good	0						0		0	0	good		0	0	good	false			
EPI_ISL_259920|B/Maryland/09/2017|HA	V1A.1	0	good	27	6	0	0	5	2	0	0	0	0	T159C,C270T,G297A,G312T,A318G,C378T,A427G,C441T,T444C,A463G,A464G,T534C,T595C,A616G,G673A,T810C,G846A,G873A,C969T,A1152G,A1227T,C1566T,G1571A,C1782T,G1794A,T1832G,A1835G	562-567				T595C	0	0	1	1		HA1:I117V,HA1:N129G,HA1:I180V,HA1:A199T,HA2:R152K	HA1:K162-,HA1:N163-					5435	14	1870	0.9846153846153848					4	0	good	0	15	-5	0	good	0						0		0	0	good		0	0	good	false			
EPI_ISL_262832|B/Maryland/09/2017|HA	V1A.1	0	good	27	6	0	0	5	2	0	0	0	0	T159C,C270T,G297A,G312T,A318G,C378T,A427G,C441T,T444C,A463G,A464G,T534C,T595C,A616G,G673A,T810C,G846A,G873A,C969T,A1152G,A1227T,C1566T,G1571A,C1782T,G1794A,T1832G,A1835G	562-567				T595C	0	0	1	1		HA1:I117V,HA1:N129G,HA1:I180V,HA1:A199T,HA2:R152K	HA1:K162-,HA1:N163-					5435	14	1870	0.9846153846153848					4	0	good	0	15	-5	0	good	0						0		0	0	good		0	0	good	false			
EPI_ISL_264113|B/Maryland/16/2017|HA	V1A.1	0	good	29	6	0	0	5	2	0	0	0	0	T159C,C270T,G297A,G312T,A318G,C378T,A427G,C441T,T444C,A463G,A464G,T534C,A616G,G673A,T810C,G846A,G873A,C969T,A1152G,A1227T,C1251T,T1281C,C1566T,G1571A,C1782T,G1794A,A1824G,T1832G,A1835G	562-567				C1251T,T1281C,A1824G	0	0	3	3		HA1:I117V,HA1:N129G,HA1:I180V,HA1:A199T,HA2:R152K	HA1:K162-,HA1:N163-					5427	14	1870	0.9846153846153848					4	0	good	0	15	-5	0	good	0						0		0	0	good		0	0	good	false			
EPI_ISL_267567|B/Maryland/36/2017|HA	V1A.1	0	good	28	6	0	0	5	2	0	0	0	0	T159C,C270T,G297A,G312T,A318G,C378T,A427G,C441T,T444C,A463G,A464G,T534C,A616G,G673A,T810C,G846A,G873A,C969T,A1152G,A1227T,C1251T,C1566T,G1571A,C1782T,G1794A,A1824G,T1832G,A1835G	562-567				C1251T,A1824G	0	0	2	2		HA1:I117V,HA1:N129G,HA1:I180V,HA1:A199T,HA2:R152K	HA1:K162-,HA1:N163-					5431	14	1870	0.9846153846153848					4	0	good	0	15	-5	0	good	0						0		0	0	good		0	0	good	false			
EPI_ISL_267572|B/Maryland/38/2017|HA	V1A.1	0	good	28	6	0	0	5	2	0	0	0	0	T159C,C270T,G297A,G312T,A318G,C378T,A427G,C441T,T444C,A463G,A464G,T534C,A616G,G673A,T810C,G846A,G873A,C969T,A1152G,A1227T,C1251T,C1566T,G1571A,C1782T,G1794A,A1824G,T1832G,A1835G	562-567				C1251T,A1824G	0	0	2	2		HA1:I117V,HA1:N129G,HA1:I180V,HA1:A199T,HA2:R152K	HA1:K162-,HA1:N163-					5431	14	1870	0.9846153846153848					4	0	good	0	15	-5	0	good	0						0		0	0	good		0	0	good	false			
EPI_ISL_356332|B/Maryland/11/2019|HA	V1A.1	0	good	32	6	0	0	6	2	0	0	0	0	A74G,T93C,T159C,C270T,G297A,G312T,A318G,C378T,A427G,C441T,T444C,A463G,A464G,T534C,A616G,G673A,T810C,G846A,G873A,G915A,A957C,C969T,A1152G,A1227T,T1449C,C1566T,G1571A,C1782T,G1794A,T1832G,A1835G,G1842A	562-567				G915A	0	0	1	1		HA1:I117V,HA1:N129G,HA1:I180V,HA1:A199T,HA2:R152K,SigPep:N14S	HA1:K162-,HA1:N163-					5415	14	1870	0.9846153846153848					4	0	good	0	15	-5	0	good	0						0		0	0	good		0	0	good	false			
EPI_ISL_364217|B/Maryland/19/2019|HA	V1A.1	0	good	32	6	0	0	6	2	0	0	0	0	A74G,T93C,T159C,C270T,G297A,G312T,A318G,C378T,A427G,C441T,T444C,A463G,A464G,T534C,A616G,G673A,T810C,G846A,G873A,G915A,A957C,C969T,A1152G,A1227T,T1449C,C1566T,G1571A,C1782T,G1794A,T1832G,A1835G,G1842A	562-567				G915A	0	0	1	1		HA1:I117V,HA1:N129G,HA1:I180V,HA1:A199T,HA2:R152K,SigPep:N14S	HA1:K162-,HA1:N163-					5415	14	1870	0.9846153846153848					4	0	good	0	15	-5	0	good	0						0		0	0	good		0	0	good	false			
EPI_ISL_333837|B/Maryland/32/2018|HA	V1A.1	0	good	31	6	0	0	6	2	0	0	0	0	A74G,T159C,C270T,G297A,G312T,A318G,C378T,A427G,C441T,T444C,A463G,A464G,T534C,A616G,T648C,G673A,T810C,G846A,G873A,C969T,A1152G,A1227T,T1449C,C1566T,G1571A,C1617T,C1782T,G1794A,T1832G,A1835G,G1839A	562-567					0	0	0	0		HA1:I117V,HA1:N129G,HA1:I180V,HA1:A199T,HA2:R152K,SigPep:N14S	HA1:K162-,HA1:N163-					5419	14	1870	0.9846153846153848					4	0	good	0	15	-5	0	good	0						0		0	0	good		0	0	good	false			
EPI_ISL_335714|B/Maryland/34/2018|HA	V1A.1	0	good	31	6	0	0	6	2	0	0	0	0	A74G,T159C,C270T,G297A,G312T,A318G,C378T,A427G,C441T,T444C,A463G,A464G,T534C,A616G,T648C,G673A,T810C,G846A,G873A,C969T,A1152G,A1227T,T1449C,C1566T,G1571A,C1617T,C1782T,G1794A,T1832G,A1835G,G1839A	562-567					0	0	0	0		HA1:I117V,HA1:N129G,HA1:I180V,HA1:A199T,HA2:R152K,SigPep:N14S	HA1:K162-,HA1:N163-					5419	14	1870	0.9846153846153848					4	0	good	0	15	-5	0	good	0						0		0	0	good		0	0	good	false			
EPI_ISL_339786|B/Maryland/37/2018|HA	V1A.1	0	good	31	6	0	0	6	2	0	0	0	0	A74G,T159C,C270T,G297A,G312T,A318G,C378T,A427G,C441T,T444C,A463G,A464G,T534C,A616G,T648C,G673A,T810C,G846A,G873A,C969T,A1152G,A1227T,T1449C,C1566T,G1571A,C1617T,C1782T,G1794A,T1832G,A1835G,G1839A	562-567					0	0	0	0		HA1:I117V,HA1:N129G,HA1:I180V,HA1:A199T,HA2:R152K,SigPep:N14S	HA1:K162-,HA1:N163-					5419	14	1870	0.9846153846153848					4	0	good	0	15	-5	0	good	0						0		0	0	good		0	0	good	false			
EPI_ISL_339819|B/Maryland/42/2018|HA	V1A.1	0	good	31	6	0	0	6	2	0	0	0	0	A74G,T159C,C270T,G297A,G312T,A318G,C378T,A427G,C441T,T444C,A463G,A464G,T534C,A616G,T648C,G673A,T810C,G846A,G873A,C969T,A1152G,A1227T,T1449C,C1566T,G1571A,C1617T,C1782T,G1794A,T1832G,A1835G,G1839A	562-567					0	0	0	0		HA1:I117V,HA1:N129G,HA1:I180V,HA1:A199T,HA2:R152K,SigPep:N14S	HA1:K162-,HA1:N163-					5419	14	1870	0.9846153846153848					4	0	good	0	15	-5	0	good	0						0		0	0	good		0	0	good	false			
EPI_ISL_342201|B/Maryland/02/2019|HA	V1A.1	0	good	31	6	0	0	6	2	0	0	0	0	A74G,T159C,C270T,G297A,G312T,A318G,C378T,A427G,C441T,T444C,A463G,A464G,T534C,A616G,T648C,G673A,T810C,G846A,G873A,C969T,A1152G,A1227T,T1449C,C1566T,G1571A,C1617T,C1782T,G1794A,T1832G,A1835G,G1839A	562-567					0	0	0	0		HA1:I117V,HA1:N129G,HA1:I180V,HA1:A199T,HA2:R152K,SigPep:N14S	HA1:K162-,HA1:N163-					5419	14	1870	0.9846153846153848					4	0	good	0	15	-5	0	good	0						0		0	0	good		0	0	good	false			
EPI_ISL_354375|B/Maryland/10/2019|HA	V1A.1	0	good	31	6	0	0	6	2	0	0	0	0	A74G,T159C,C270T,G297A,G312T,A318G,C378T,A427G,C441T,T444C,A463G,A464G,T534C,A616G,T648C,G673A,T810C,G846A,G873A,C969T,A1152G,A1227T,T1449C,C1566T,G1571A,C1617T,C1782T,G1794A,T1832G,A1835G,G1839A	562-567					0	0	0	0		HA1:I117V,HA1:N129G,HA1:I180V,HA1:A199T,HA2:R152K,SigPep:N14S	HA1:K162-,HA1:N163-					5419	14	1870	0.9846153846153848					4	0	good	0	15	-5	0	good	0						0		0	0	good		0	0	good	false			
EPI_ISL_354388|B/Maryland/05/2019|HA	V1A.1	0	good	31	6	0	0	6	2	0	0	0	0	A74G,T159C,C270T,G297A,G312T,A318G,C378T,A427G,C441T,T444C,A463G,A464G,T534C,A616G,T648C,G673A,T810C,G846A,G873A,C969T,A1152G,A1227T,T1449C,C1566T,G1571A,C1617T,C1782T,G1794A,T1832G,A1835G,G1839A	562-567					0	0	0	0		HA1:I117V,HA1:N129G,HA1:I180V,HA1:A199T,HA2:R152K,SigPep:N14S	HA1:K162-,HA1:N163-					5419	14	1870	0.9846153846153848					4	0	good	0	15	-5	0	good	0						0		0	0	good		0	0	good	false			
EPI_ISL_346166|B/Maryland/03/2019|HA	V1A.1	6.250000	good	32	6	0	0	7	2	0	0	1	0	A74G,T159C,C270T,G297A,G312T,A318G,C378T,A427G,C441T,T444C,A463G,A464G,T534C,A616G,G628A,T648C,G673A,T810C,G846A,G873A,C969T,A1152G,A1227T,T1449C,C1566T,G1571A,C1617T,C1782T,G1794A,T1832G,A1835G,G1839A	562-567				G628A	0	0	1	1		HA1:I117V,HA1:N129G,HA1:I180V,HA1:G184R,HA1:A199T,HA2:R152K,SigPep:N14S	HA1:K162-,HA1:N163-			W:1323		5415	14	1870	0.9840848806366048					4	25	good	1	15	-5	0	good	0						0		0	0	good		0	0	good	false			
EPI_ISL_309679|B/Maryland/22/2018|HA	V1A.1	6.250000	good	30	6	0	0	6	2	0	0	1	0	T159C,C270T,G297A,G312T,A318G,G357A,C378T,A427G,C441T,T444C,A463G,A464G,T534C,A616G,C660T,G673A,T810C,G846A,G873A,C969T,A1152G,A1227T,A1343G,T1449C,C1566T,G1571A,C1782T,G1794A,T1832G,A1835G	562-567				A1343G	0	0	1	1		HA1:I117V,HA1:N129G,HA1:I180V,HA1:A199T,HA2:N76S,HA2:R152K	HA1:K162-,HA1:N163-			Y:615		5423	14	1870	0.9840848806366048					4	25	good	1	15	-5	0	good	0						0		0	0	good		0	0	good	false			
EPI_ISL_262782|B/Maryland/14/2017|HA	V1A.1	0	good	29	6	0	0	7	2	0	0	0	0	A74G,T159C,C270T,G297A,G312T,G317A,A318G,C378T,A427G,C441T,T444C,A463G,A464G,T534C,A616G,G673A,T810C,G846A,G873A,C969T,A1152G,A1227T,T1449C,C1566T,G1571A,C1782T,G1794A,T1832G,A1835G	562-567				G317A	0	0	1	1		HA1:R80K,HA1:I117V,HA1:N129G,HA1:I180V,HA1:A199T,HA2:R152K,SigPep:N14S	HA1:K162-,HA1:N163-					5427	14	1870	0.9846153846153848					4	0	good	0	15	-5	0	good	0						0		0	0	good		0	0	good	false			
EPI_ISL_311583|B/Maryland/23/2018|HA	V1A.1	0	good	30	6	0	0	6	2	0	0	0	0	T159C,C270T,G297A,G312T,A318G,C378T,A427G,C441T,T444C,C447T,A463G,A464G,T534C,A616G,C660T,G673A,G751A,T810C,G846A,G873A,C969T,A1152G,A1227T,T1449C,C1566T,G1571A,C1782T,G1794A,T1832G,A1835G	562-567				C447T,G751A	0	0	2	2		HA1:I117V,HA1:N129G,HA1:I180V,HA1:A199T,HA1:V225I,HA2:R152K	HA1:K162-,HA1:N163-					5423	14	1870	0.9846153846153848					4	0	good	0	15	-5	0	good	0						0		0	0	good		0	0	good	false			
EPI_ISL_313137|B/Maryland/25/2018|HA	V1A.1	0	good	29	6	0	0	6	2	0	0	0	0	T159C,C270T,G297A,G312T,A318G,C378T,A427G,C441T,T444C,A463G,A464G,T534C,C592T,A616G,C660T,G673A,T810C,G846A,G873A,C969T,A1152G,A1227T,T1449C,C1566T,G1571A,C1782T,G1794A,T1832G,A1835G	562-567					0	0	0	0		HA1:I117V,HA1:N129G,HA1:P172S,HA1:I180V,HA1:A199T,HA2:R152K	HA1:K162-,HA1:N163-					5427	14	1870	0.9846153846153848					4	0	good	0	15	-5	0	good	0						0		0	0	good		0	0	good	false			
EPI_ISL_309677|B/Maryland/21/2018|HA	V1A.1	0	good	29	6	0	0	5	2	0	0	0	0	T159C,C270T,G297A,G312T,A318G,C378T,A427G,C441T,T444C,A463G,A464G,T534C,A616G,C660T,G673A,T810C,G846A,G873A,C969T,T1108C,A1152G,A1227T,T1449C,C1566T,G1571A,C1782T,G1794A,T1832G,A1835G	562-567					0	0	0	0		HA1:I117V,HA1:N129G,HA1:I180V,HA1:A199T,HA2:R152K	HA1:K162-,HA1:N163-					5427	14	1870	0.9846153846153848					4	0	good	0	15	-5	0	good	0						0		0	0	good		0	0	good	false			
EPI_ISL_298421|B/Maryland/49/2017|HA	V1A.1	0	good	28	6	0	0	5	2	0	0	0	0	T159C,C270T,G297A,G312T,A318G,C378T,A427G,C441T,T444C,A463G,A464G,T534C,A616G,C660T,G673A,T810C,G846A,G873A,C969T,A1152G,A1227T,T1449C,C1566T,G1571A,C1782T,G1794A,T1832G,A1835G	562-567					0	0	0	0		HA1:I117V,HA1:N129G,HA1:I180V,HA1:A199T,HA2:R152K	HA1:K162-,HA1:N163-					5431	14	1870	0.9846153846153848					4	0	good	0	15	-5	0	good	0						0		0	0	good		0	0	good	false			
EPI_ISL_305858|B/Maryland/05/2018|HA	V1A.1	0	good	28	6	0	0	5	2	0	0	0	0	T159C,C270T,G297A,G312T,A318G,C378T,A427G,C441T,T444C,A463G,A464G,T534C,A616G,C660T,G673A,T810C,G846A,G873A,C969T,A1152G,A1227T,T1449C,C1566T,G1571A,C1782T,G1794A,T1832G,A1835G	562-567					0	0	0	0		HA1:I117V,HA1:N129G,HA1:I180V,HA1:A199T,HA2:R152K	HA1:K162-,HA1:N163-					5431	14	1870	0.9846153846153848					4	0	good	0	15	-5	0	good	0						0		0	0	good		0	0	good	false			
EPI_ISL_309115|B/Maryland/08/2018|HA	V1A.1	0	good	28	6	0	0	5	2	0	0	0	0	T159C,C270T,G297A,G312T,A318G,C378T,A427G,C441T,T444C,A463G,A464G,T534C,A616G,C660T,G673A,T810C,G846A,G873A,C969T,A1152G,A1227T,T1449C,C1566T,G1571A,C1782T,G1794A,T1832G,A1835G	562-567					0	0	0	0		HA1:I117V,HA1:N129G,HA1:I180V,HA1:A199T,HA2:R152K	HA1:K162-,HA1:N163-					5431	14	1870	0.9846153846153848					4	0	good	0	15	-5	0	good	0						0		0	0	good		0	0	good	false			
EPI_ISL_303034|B/Maryland/04/2018|HA	V1A.1	0	good	29	6	0	0	6	2	0	0	0	0	T159C,C270T,G297A,G312T,A318G,C378T,A427G,C441T,T444C,A463G,A464G,T534C,A616G,C660T,G673A,T810C,G846A,G873A,C969T,A1152G,A1227T,T1449C,C1566T,G1571A,A1729T,C1782T,G1794A,T1832G,A1835G	562-567				A1729T	0	0	1	1		HA1:I117V,HA1:N129G,HA1:I180V,HA1:A199T,HA2:R152K,HA2:I205L	HA1:K162-,HA1:N163-					5427	14	1870	0.9846153846153848					4	0	good	0	15	-5	0	good	0						0		0	0	good		0	0	good	false			
EPI_ISL_354390|B/Maryland/06/2019|HA	V1A	0	good	36	0	0	0	4	0	0	0	0	0	T159C,C270T,G297A,C309T,G312T,A318G,C360T,C378T,A427G,C441T,T444C,A463G,T516C,T534C,A540T,G673A,C789T,T810C,T822C,G873A,T876C,C903T,C969T,A1035G,A1101C,A1152G,G1221A,A1227T,A1735G,C1782T,A1788G,A1791G,G1794A,A1819G,A1835G,G1853A						0	0	0	0		HA1:I117V,HA1:N129D,HA1:A199T,HA2:I207V						5424	14	1870	0.9846153846153848					4	0	good	0	15	-5	0	good	0						0		0	0	good		0	0	good	false			
EPI_ISL_339783|B/Maryland/36/2018|HA	V1A	0	good	34	0	0	0	3	0	0	0	0	0	T159C,C270T,G297A,C309T,G312T,A318G,C360T,C378T,A427G,C441T,T444C,A463G,T516C,T534C,A540T,G673A,C789T,T810C,T822C,G873A,T876C,C903T,C969T,A1035G,A1152G,G1221A,A1227T,C1782T,A1788G,A1791G,G1794A,A1819G,A1835G,G1853A					C360T,G1853A	0	0	2	2		HA1:I117V,HA1:N129D,HA1:A199T						5432	14	1870	0.9846153846153848					4	0	good	0	15	-5	0	good	0						0		0	0	good		0	0	good	false			
EPI_ISL_339816|B/Maryland/38/2018|HA	V1A	0	good	34	0	0	0	3	0	0	0	0	0	T159C,C270T,G297A,C309T,G312T,A318G,C360T,C378T,A427G,C441T,T444C,A463G,T516C,T534C,A540T,G673A,C789T,T810C,T822C,G873A,T876C,C903T,C969T,A1035G,A1152G,G1221A,A1227T,C1782T,A1788G,A1791G,G1794A,A1819G,A1835G,G1853A					C360T,G1853A	0	0	2	2		HA1:I117V,HA1:N129D,HA1:A199T						5432	14	1870	0.9846153846153848					4	0	good	0	15	-5	0	good	0						0		0	0	good		0	0	good	false			
EPI_ISL_339817|B/Maryland/39/2018|HA	V1A	0	good	34	0	0	0	3	0	0	0	0	0	T159C,C270T,G297A,C309T,G312T,A318G,C360T,C378T,A427G,C441T,T444C,A463G,T516C,T534C,A540T,G673A,C789T,T810C,T822C,G873A,T876C,C903T,C969T,A1035G,A1152G,G1221A,A1227T,C1782T,A1788G,A1791G,G1794A,A1819G,A1835G,G1853A					C360T,G1853A	0	0	2	2		HA1:I117V,HA1:N129D,HA1:A199T						5432	14	1870	0.9846153846153848					4	0	good	0	15	-5	0	good	0						0		0	0	good		0	0	good	false			
EPI_ISL_339818|B/Maryland/41/2018|HA	V1A	0	good	34	0	0	0	3	0	0	0	0	0	T159C,C270T,G297A,C309T,G312T,A318G,C360T,C378T,A427G,C441T,T444C,A463G,T516C,T534C,A540T,G673A,C789T,T810C,T822C,G873A,T876C,C903T,C969T,A1035G,A1152G,G1221A,A1227T,C1782T,A1788G,A1791G,G1794A,A1819G,A1835G,G1853A					C360T,G1853A	0	0	2	2		HA1:I117V,HA1:N129D,HA1:A199T						5432	14	1870	0.9846153846153848					4	0	good	0	15	-5	0	good	0						0		0	0	good		0	0	good	false			
EPI_ISL_342200|B/Maryland/01/2019|HA	V1A	0	good	34	0	0	0	3	0	0	0	0	0	T159C,C270T,G297A,C309T,G312T,A318G,C360T,C378T,A427G,C441T,T444C,A463G,T516C,T534C,A540T,G673A,C789T,T810C,T822C,G873A,T876C,C903T,C969T,A1035G,A1152G,G1221A,A1227T,C1782T,A1788G,A1791G,G1794A,A1819G,A1835G,G1853A					C360T,G1853A	0	0	2	2		HA1:I117V,HA1:N129D,HA1:A199T						5432	14	1870	0.9846153846153848					4	0	good	0	15	-5	0	good	0						0		0	0	good		0	0	good	false			
EPI_ISL_364241|B/Maryland/04/2019|HA	V1A	0	good	34	0	0	0	3	0	0	0	0	0	T159C,C270T,G297A,C309T,G312T,A318G,C360T,C378T,A427G,C441T,T444C,A463G,T516C,T534C,A540T,G673A,C789T,T810C,T822C,G873A,T876C,C903T,C969T,A1035G,A1152G,G1221A,A1227T,C1782T,A1788G,A1791G,G1794A,A1819G,A1835G,G1853A					C360T,G1853A	0	0	2	2		HA1:I117V,HA1:N129D,HA1:A199T						5432	14	1870	0.9846153846153848					4	0	good	0	15	-5	0	good	0						0		0	0	good		0	0	good	false			
EPI_ISL_333074|B/Maryland/29/2018|HA	V1A	25	good	32	0	0	0	2	0	0	0	2	0	T159C,C270T,G297A,C309T,G312T,A318G,C378T,A427G,C441T,T444C,A463G,T516C,T534C,A540T,G673A,C789T,T810C,T822C,G873A,T876C,C903T,C969T,A1035G,A1152G,G1221A,A1227T,C1782T,A1788G,A1791G,G1794A,A1819G,A1835G						0	0	0	0		HA1:I117V,HA1:N129D				R:668,Y:674		5440	14	1870	0.983554376657825					4	50	mediocre	2	15	-5	0	good	0						0		0	0	good		0	0	good	false			
EPI_ISL_356334|B/Maryland/14/2019|HA	V1A	0	good	33	0	0	0	3	0	0	0	0	0	T159C,C270T,G297A,C309T,G312T,A318G,C378T,A427G,C441T,T444C,A463G,T516C,T534C,A540T,G673A,C789T,T810C,A813G,T822C,G873A,T876C,C903T,C969T,A1035G,A1152G,G1221A,A1227T,C1782T,A1788G,A1791G,G1794A,A1819G,A1835G					A813G	0	0	1	1		HA1:I117V,HA1:N129D,HA1:A199T						5436	14	1870	0.9846153846153848					4	0	good	0	15	-5	0	good	0						0		0	0	good		0	0	good	false			
EPI_ISL_331491|B/Maryland/27/2018|HA	V1A	6.250000	good	32	0	0	0	3	0	0	0	1	0	T159C,C270T,G297A,C309T,G312T,A318G,C378T,A427G,C441T,T444C,A463G,T516C,T534C,A540T,G673A,C789T,T810C,T822C,G873A,T876C,C903T,C969T,A1035G,A1152G,G1221A,A1227T,C1782T,A1788G,A1791G,G1794A,A1819G,A1835G						0	0	0	0		HA1:I117V,HA1:N129D,HA1:A199T				W:1743		5440	14	1870	0.9840848806366048					4	25	good	1	15	-5	0	good	0						0		0	0	good		0	0	good	false			
EPI_ISL_332269|B/Maryland/27/2018|HA	V1A	6.250000	good	32	0	0	0	3	0	0	0	1	0	T159C,C270T,G297A,C309T,G312T,A318G,C378T,A427G,C441T,T444C,A463G,T516C,T534C,A540T,G673A,C789T,T810C,T822C,G873A,T876C,C903T,C969T,A1035G,A1152G,G1221A,A1227T,C1782T,A1788G,A1791G,G1794A,A1819G,A1835G						0	0	0	0		HA1:I117V,HA1:N129D,HA1:A199T				W:1743		5440	14	1870	0.9840848806366048					4	25	good	1	15	-5	0	good	0						0		0	0	good		0	0	good	false			
EPI_ISL_332030|B/Maryland/29/2018|HA	V1A	0	good	32	0	0	0	3	0	0	0	0	0	T159C,C270T,G297A,C309T,G312T,A318G,C378T,A427G,C441T,T444C,A463G,T516C,T534C,A540T,G673A,C789T,T810C,T822C,G873A,T876C,C903T,C969T,A1035G,A1152G,G1221A,A1227T,C1782T,A1788G,A1791G,G1794A,A1819G,A1835G						0	0	0	0		HA1:I117V,HA1:N129D,HA1:A199T						5440	14	1870	0.9846153846153848					4	0	good	0	15	-5	0	good	0						0		0	0	good		0	0	good	false			
EPI_ISL_332031|B/Maryland/28/2018|HA	V1A	0	good	32	0	0	0	3	0	0	0	0	0	T159C,C270T,G297A,C309T,G312T,A318G,C378T,A427G,C441T,T444C,A463G,T516C,T534C,A540T,G673A,C789T,T810C,T822C,G873A,T876C,C903T,C969T,A1035G,A1152G,G1221A,A1227T,C1782T,A1788G,A1791G,G1794A,A1819G,A1835G						0	0	0	0		HA1:I117V,HA1:N129D,HA1:A199T						5440	14	1870	0.9846153846153848					4	0	good	0	15	-5	0	good	0						0		0	0	good		0	0	good	false			
EPI_ISL_332033|B/Maryland/30/2018|HA	V1A	0	good	32	0	0	0	3	0	0	0	0	0	T159C,C270T,G297A,C309T,G312T,A318G,C378T,A427G,C441T,T444C,A463G,T516C,T534C,A540T,G673A,C789T,T810C,T822C,G873A,T876C,C903T,C969T,A1035G,A1152G,G1221A,A1227T,C1782T,A1788G,A1791G,G1794A,A1819G,A1835G						0	0	0	0		HA1:I117V,HA1:N129D,HA1:A199T						5440	14	1870	0.9846153846153848					4	0	good	0	15	-5	0	good	0						0		0	0	good		0	0	good	false			
EPI_ISL_332034|B/Maryland/31/2018|HA	V1A	0	good	32	0	0	0	3	0	0	0	0	0	T159C,C270T,G297A,C309T,G312T,A318G,C378T,A427G,C441T,T444C,A463G,T516C,T534C,A540T,G673A,C789T,T810C,T822C,G873A,T876C,C903T,C969T,A1035G,A1152G,G1221A,A1227T,C1782T,A1788G,A1791G,G1794A,A1819G,A1835G						0	0	0	0		HA1:I117V,HA1:N129D,HA1:A199T						5440	14	1870	0.9846153846153848					4	0	good	0	15	-5	0	good	0						0		0	0	good		0	0	good	false			
EPI_ISL_332271|B/Maryland/28/2018|HA	V1A	0	good	32	0	0	0	3	0	0	0	0	0	T159C,C270T,G297A,C309T,G312T,A318G,C378T,A427G,C441T,T444C,A463G,T516C,T534C,A540T,G673A,C789T,T810C,T822C,G873A,T876C,C903T,C969T,A1035G,A1152G,G1221A,A1227T,C1782T,A1788G,A1791G,G1794A,A1819G,A1835G						0	0	0	0		HA1:I117V,HA1:N129D,HA1:A199T						5440	14	1870	0.9846153846153848					4	0	good	0	15	-5	0	good	0						0		0	0	good		0	0	good	false			
EPI_ISL_332273|B/Maryland/29/2018|HA	V1A	0	good	32	0	0	0	3	0	0	0	0	0	T159C,C270T,G297A,C309T,G312T,A318G,C378T,A427G,C441T,T444C,A463G,T516C,T534C,A540T,G673A,C789T,T810C,T822C,G873A,T876C,C903T,C969T,A1035G,A1152G,G1221A,A1227T,C1782T,A1788G,A1791G,G1794A,A1819G,A1835G						0	0	0	0		HA1:I117V,HA1:N129D,HA1:A199T						5440	14	1870	0.9846153846153848					4	0	good	0	15	-5	0	good	0						0		0	0	good		0	0	good	false			
EPI_ISL_333087|B/Maryland/28/2018|HA	V1A	0	good	32	0	0	0	3	0	0	0	0	0	T159C,C270T,G297A,C309T,G312T,A318G,C378T,A427G,C441T,T444C,A463G,T516C,T534C,A540T,G673A,C789T,T810C,T822C,G873A,T876C,C903T,C969T,A1035G,A1152G,G1221A,A1227T,C1782T,A1788G,A1791G,G1794A,A1819G,A1835G						0	0	0	0		HA1:I117V,HA1:N129D,HA1:A199T						5440	14	1870	0.9846153846153848					4	0	good	0	15	-5	0	good	0						0		0	0	good		0	0	good	false			
EPI_ISL_336442|B/Maryland/30/2018|HA	V1A	0	good	32	0	0	0	3	0	0	0	0	0	T159C,C270T,G297A,C309T,G312T,A318G,C378T,A427G,C441T,T444C,A463G,T516C,T534C,A540T,G673A,C789T,T810C,T822C,G873A,T876C,C903T,C969T,A1035G,A1152G,G1221A,A1227T,C1782T,A1788G,A1791G,G1794A,A1819G,A1835G						0	0	0	0		HA1:I117V,HA1:N129D,HA1:A199T						5440	14	1870	0.9846153846153848					4	0	good	0	15	-5	0	good	0						0		0	0	good		0	0	good	false			
EPI_ISL_336443|B/Maryland/31/2018|HA	V1A	0	good	32	0	0	0	3	0	0	0	0	0	T159C,C270T,G297A,C309T,G312T,A318G,C378T,A427G,C441T,T444C,A463G,T516C,T534C,A540T,G673A,C789T,T810C,T822C,G873A,T876C,C903T,C969T,A1035G,A1152G,G1221A,A1227T,C1782T,A1788G,A1791G,G1794A,A1819G,A1835G						0	0	0	0		HA1:I117V,HA1:N129D,HA1:A199T						5440	14	1870	0.9846153846153848					4	0	good	0	15	-5	0	good	0						0		0	0	good		0	0	good	false			
EPI_ISL_332268|B/Maryland/27/2018|HA	V1A	0	good	33	0	0	0	3	0	0	0	0	0	T159C,C270T,G297A,C309T,G312T,A318G,C378T,A427G,C441T,T444C,A463G,T516C,T534C,A540T,G673A,C789T,T810C,T822C,G873A,T876C,C903T,C969T,A1035G,A1152G,G1221A,A1227T,T1743A,C1782T,A1788G,A1791G,G1794A,A1819G,A1835G					T1743A	0	0	1	1		HA1:I117V,HA1:N129D,HA1:A199T						5436	14	1870	0.9846153846153848					4	0	good	0	15	-5	0	good	0						0		0	0	good		0	0	good	false			
EPI_ISL_335843|B/Maryland/27/2018|HA	V1A	0	good	33	0	0	0	3	0	0	0	0	0	T159C,C270T,G297A,C309T,G312T,A318G,C378T,A427G,C441T,T444C,A463G,T516C,T534C,A540T,G673A,C789T,T810C,T822C,G873A,T876C,C903T,C969T,A1035G,A1152G,G1221A,A1227T,T1743A,C1782T,A1788G,A1791G,G1794A,A1819G,A1835G					T1743A	0	0	1	1		HA1:I117V,HA1:N129D,HA1:A199T						5436	14	1870	0.9846153846153848					4	0	good	0	15	-5	0	good	0						0		0	0	good		0	0	good	false			
EPI_ISL_267568|B/Maryland/34/2017|HA	V1A	0	good	33	0	0	0	6	0	0	0	0	0	A97G,T159C,A165G,C270T,G297A,G312T,A318G,T338C,C378T,A427G,C441T,T444C,A463G,T534C,T595C,A601G,G673A,C789T,T810C,G846A,G873A,C969T,A1152G,G1221A,A1227T,T1386A,T1461C,G1725A,T1740C,C1782T,G1794A,A1835G,C1836T					A97G,T1740C	0	0	2	2		HA1:I7V,HA1:V87A,HA1:I117V,HA1:N129D,HA1:I175V,HA1:A199T						5436	14	1870	0.9846153846153848					4	0	good	0	15	-5	0	good	0						0		0	0	good		0	0	good	false			
EPI_ISL_267569|B/Maryland/37/2017|HA	V1A	0	good	33	0	0	0	5	0	0	0	0	0	T159C,A165G,C270T,G297A,G312T,A318G,T338C,C378T,A427G,C441T,T444C,A463G,T534C,T595C,A601G,G673A,C789T,T810C,G846A,T867C,G873A,C969T,A1152G,G1221A,A1227T,T1386A,T1461C,G1629A,G1725A,C1782T,G1794A,A1835G,C1836T					T867C,G1629A	0	0	2	2		HA1:V87A,HA1:I117V,HA1:N129D,HA1:I175V,HA1:A199T						5436	14	1870	0.9846153846153848					4	0	good	0	15	-5	0	good	0						0		0	0	good		0	0	good	false			
EPI_ISL_295947|B/Maryland/46/2017|HA	V1A	0	good	34	0	0	0	5	0	0	0	0	0	T159C,A165G,C270T,G297A,G312T,A318G,T338C,C378T,A427G,C441T,T444C,A463G,T534C,T595C,A601G,G673A,C789T,T810C,G846A,T867C,G873A,C969T,A1080G,A1152G,G1221A,A1227T,T1386A,T1461C,C1656T,G1725A,C1782T,G1794A,A1835G,C1836T					A1080G	0	0	1	1		HA1:V87A,HA1:I117V,HA1:N129D,HA1:I175V,HA1:A199T						5432	14	1870	0.9846153846153848					4	0	good	0	15	-5	0	good	0						0		0	0	good		0	0	good	false			
EPI_ISL_267564|B/Maryland/30/2017|HA	V1A	0	good	30	0	0	0	5	0	0	0	0	0	T159C,A177G,C270T,G297A,G312T,A318G,G357A,C378T,A427G,C441T,T444C,C447T,A463G,T534C,A616G,G673A,T810C,G846A,G873A,C969T,A1152G,A1227T,C1545T,C1566T,G1571A,C1782T,G1794A,G1802A,T1832G,A1835G					A177G,G357A,C1545T	0	0	3	3		HA1:I117V,HA1:N129D,HA1:I180V,HA1:A199T,HA2:R152K						5448	14	1870	0.9846153846153848					4	0	good	0	15	-5	0	good	0						0		0	0	good		0	0	good	false			
B/Baltimore/R0122/2016_|_HA	V1A	0	good	30	0	0	0	5	0	0	0	0	0	T159C,A177G,A237G,C270T,G297A,G312T,A318G,G357A,C378T,A427G,C441T,T444C,C447T,A463G,T534C,A616G,G673A,T810C,G846A,G873A,C969T,A1152G,A1227T,C1566T,G1571A,A1644G,C1782T,G1794A,G1802C,C1803A					A177G,A237G,G357A,A1644G,A1802C,C1803A	0	0	6	6		HA1:I117V,HA1:N129D,HA1:I180V,HA1:A199T,HA2:R152K						5139	52	1805	0.929973474801061					4	0	good	0	15	-5	0	good	0						0		0	0	good		0	0	good	false			
EPI_ISL_267562|B/Maryland/28/2017|HA	V1A	0	good	26	0	0	0	3	0	0	0	0	0	C57T,T159C,C270T,G297A,G312T,A318G,C378T,A427G,C441T,T444C,A463G,T534C,C555T,G673A,T810C,G846A,G873A,C969T,A1152G,A1227T,A1416T,C1419A,C1782T,G1794A,C1805T,A1835G					C57T	0	0	1	1		HA1:I117V,HA1:N129D,HA1:A199T						5464	14	1870	0.9846153846153848					4	0	good	0	15	-5	0	good	0						0		0	0	good		0	0	good	false			
EPI_ISL_259907|B/Maryland/11/2017|HA	V1A	0	good	26	0	0	0	3	0	0	0	0	0	T159C,C270T,G297A,G312T,A318G,C378T,A427G,C441T,T444C,C447T,A463G,T534C,G673A,T810C,G846A,G873A,C969T,A1104G,A1149G,A1152G,A1227T,A1416T,C1782T,G1794A,C1805T,A1835G			C93T		C1805T	1	0	1	2		HA1:I117V,HA1:N129D,HA1:A199T						5464	14	1870	0.9846153846153848					4	0	good	0	15	-5	0	good	0						0		0	0	good		0	0	good	false			
EPI_ISL_262834|B/Maryland/11/2017|HA	V1A	0	good	26	0	0	0	3	0	0	0	0	0	T159C,C270T,G297A,G312T,A318G,C378T,A427G,C441T,T444C,C447T,A463G,T534C,G673A,T810C,G846A,G873A,C969T,A1104G,A1149G,A1152G,A1227T,A1416T,C1782T,G1794A,C1805T,A1835G			C93T		C1805T	1	0	1	2		HA1:I117V,HA1:N129D,HA1:A199T						5464	14	1870	0.9846153846153848					4	0	good	0	15	-5	0	good	0						0		0	0	good		0	0	good	false			
EPI_ISL_267557|B/Maryland/23/2017|HA	V1A	0	good	26	0	0	0	3	0	0	0	0	0	T159C,C270T,G297A,G312T,A318G,C378T,A427G,C441T,T444C,C447T,A463G,T534C,G673A,T810C,G846A,G873A,C969T,A1104G,A1149G,A1152G,A1227T,A1416T,C1782T,G1794A,C1805T,A1835G			C93T		C1805T	1	0	1	2		HA1:I117V,HA1:N129D,HA1:A199T						5464	14	1870	0.9846153846153848					4	0	good	0	15	-5	0	good	0						0		0	0	good		0	0	good	false			
EPI_ISL_267559|B/Maryland/25/2017|HA	V1A	0	good	26	0	0	0	3	0	0	0	0	0	T159C,C270T,G297A,G312T,A318G,C378T,A427G,C441T,T444C,C447T,A463G,T534C,G673A,T810C,G846A,G873A,C969T,A1104G,A1149G,A1152G,A1227T,A1416T,C1782T,G1794A,C1805T,A1835G			C93T		C1805T	1	0	1	2		HA1:I117V,HA1:N129D,HA1:A199T						5464	14	1870	0.9846153846153848					4	0	good	0	15	-5	0	good	0						0		0	0	good		0	0	good	false			
EPI_ISL_267560|B/Maryland/26/2017|HA	V1A	0	good	26	0	0	0	3	0	0	0	0	0	T159C,C270T,G297A,G312T,A318G,C378T,A427G,C441T,T444C,C447T,A463G,T534C,G673A,T810C,G846A,G873A,C969T,A1104G,A1149G,A1152G,A1227T,A1416T,C1782T,G1794A,C1805T,A1835G			C93T		C1805T	1	0	1	2		HA1:I117V,HA1:N129D,HA1:A199T						5464	14	1870	0.9846153846153848					4	0	good	0	15	-5	0	good	0						0		0	0	good		0	0	good	false			
EPI_ISL_267561|B/Maryland/27/2017|HA	V1A	0	good	26	0	0	0	3	0	0	0	0	0	T159C,C270T,G297A,G312T,A318G,C378T,A427G,C441T,T444C,C447T,A463G,T534C,G673A,T810C,G846A,G873A,C969T,A1104G,A1149G,A1152G,A1227T,A1416T,C1782T,G1794A,C1805T,A1835G			C93T		C1805T	1	0	1	2		HA1:I117V,HA1:N129D,HA1:A199T						5464	14	1870	0.9846153846153848					4	0	good	0	15	-5	0	good	0						0		0	0	good		0	0	good	false			
EPI_ISL_267565|B/Maryland/31/2017|HA	V1A	0	good	26	0	0	0	3	0	0	0	0	0	T159C,C270T,G297A,G312T,A318G,C378T,A427G,C441T,T444C,C447T,A463G,T534C,G673A,T810C,G846A,G873A,C969T,A1104G,A1149G,A1152G,A1227T,A1416T,C1782T,G1794A,C1805T,A1835G			C93T		C1805T	1	0	1	2		HA1:I117V,HA1:N129D,HA1:A199T						5464	14	1870	0.9846153846153848					4	0	good	0	15	-5	0	good	0						0		0	0	good		0	0	good	false			
EPI_ISL_267566|B/Maryland/32/2017|HA	V1A	0	good	26	0	0	0	3	0	0	0	0	0	T159C,C270T,G297A,G312T,A318G,C378T,A427G,C441T,T444C,C447T,A463G,T534C,G673A,T810C,G846A,G873A,C969T,A1104G,A1149G,A1152G,A1227T,A1416T,C1782T,G1794A,C1805T,A1835G			C93T		C1805T	1	0	1	2		HA1:I117V,HA1:N129D,HA1:A199T						5464	14	1870	0.9846153846153848					4	0	good	0	15	-5	0	good	0						0		0	0	good		0	0	good	false			
EPI_ISL_267571|B/Maryland/33/2017|HA	V1A	0	good	26	0	0	0	3	0	0	0	0	0	T159C,C270T,G297A,G312T,A318G,C378T,A427G,C441T,T444C,C447T,A463G,T534C,G673A,T810C,G846A,G873A,C969T,A1104G,A1149G,A1152G,A1227T,A1416T,C1782T,G1794A,C1805T,A1835G			C93T		C1805T	1	0	1	2		HA1:I117V,HA1:N129D,HA1:A199T						5464	14	1870	0.9846153846153848					4	0	good	0	15	-5	0	good	0						0		0	0	good		0	0	good	false			
EPI_ISL_218683|B/Maryland/02/2016|HA	V1A	0	good	22	0	0	0	3	0	0	0	0	0	T159C,C189T,C270T,G297A,G312T,A318G,C378T,A427G,C441T,T444C,A463G,T534C,G673A,G846A,G873A,C969T,A1152G,A1227T,G1629T,C1782T,C1828A,A1835G					C189T,G1629T,C1828A	0	0	3	3		HA1:I117V,HA1:N129D,HA1:A199T						5480	14	1870	0.9846153846153848					4	0	good	0	15	-5	0	good	0						0		0	0	good		0	0	good	false			
EPI_ISL_267570|B/Maryland/35/2017|HA	V1A	0	good	25	0	0	0	3	0	0	0	0	0	T159C,C270T,G297A,G312T,A318G,C378T,A427G,C441T,T444C,A463G,T534C,T648C,G673A,C796T,T810C,G846A,G873A,G915A,C969T,A1152G,A1227T,C1614T,C1782T,G1794A,A1835G					T648C,C796T,G915A,C1614T	0	0	4	4		HA1:I117V,HA1:N129D,HA1:A199T						5468	14	1870	0.9846153846153848					4	0	good	0	15	-5	0	good	0						0		0	0	good		0	0	good	false			
B/Baltimore/R0001/2016_|_HA	V1A	0	good	21	39	0	0	3	3	0	0	0	0	T159C,C270T,G297A,G312T,A318G,C378T,A427G,C441T,T444C,A463G,T534C,G673A,T810C,G846A,G873A,C969T,C1041T,A1152G,A1227T,C1782T,G1794A	4-42				C1041T	0	0	1	1		HA1:I117V,HA1:N129D,HA1:A199T	SigPep:M1-,SigPep:K2-,SigPep:A3-					5178	1	1796	0.9522546419098143					4	0	good	0	15	-4	0	good	1						0		0	0	good		0	0	good	false			
EPI_ISL_267556|B/Maryland/22/2017|HA	V1A	0	good	24	0	0	0	4	0	0	0	0	0	T159C,C270T,G297A,G312T,A318G,C378T,A427G,C441T,T444C,A463G,T534C,G673A,T726A,T810C,G846A,G873A,C969T,A1152G,A1227T,G1302A,A1651G,C1782T,G1794A,A1835G					G1302A	0	0	1	1		HA1:I117V,HA1:N129D,HA1:A199T,HA2:N179D						5472	14	1870	0.9846153846153848					4	0	good	0	15	-5	0	good	0						0		0	0	good		0	0	good	false			
EPI_ISL_267574|B/Maryland/40/2017|HA	V1A	0	good	25	0	0	0	4	0	0	0	0	0	C126T,T159C,C270T,G297A,A304G,G312T,A318G,C378T,A427G,C441T,T444C,A463G,T534C,G673A,T807C,T810C,G846A,G873A,C969T,A1152G,A1227T,C1291T,C1782T,G1794A,A1835G					C126T,A304G,C1291T	0	0	3	3		HA1:I76V,HA1:I117V,HA1:N129D,HA1:A199T						5468	14	1870	0.9846153846153848					4	0	good	0	15	-5	0	good	0						0		0	0	good		0	0	good	false			
EPI_ISL_259458|B/Maryland/06/2017|HA	V1A	0	good	23	0	0	0	3	0	0	0	0	0	T159C,C270T,G297A,G312T,A318G,C378T,A427G,C441T,T444C,A463G,T534C,G673A,T807C,T810C,G846A,G873A,C969T,A1152G,A1227T,G1482A,C1587T,C1782T,A1835G						0	0	0	0		HA1:I117V,HA1:N129D,HA1:A199T						5476	14	1870	0.9846153846153848					4	0	good	0	15	-5	0	good	0						0		0	0	good		0	0	good	false			
EPI_ISL_222338|B/Maryland/03/2016|HA	V1A	0	good	23	0	0	0	4	0	0	0	0	0	T62C,T159C,C270T,G297A,G312T,A318G,C378T,A427G,C441T,T444C,A463G,T534C,A627G,G673A,T810C,G846A,G873A,C969T,A1152G,A1227T,C1782T,G1794A,A1835G					T62C,A627G	0	0	2	2		HA1:I117V,HA1:N129D,HA1:A199T,SigPep:V10A						5476	14	1870	0.9846153846153848					4	0	good	0	15	-5	0	good	0						0		0	0	good		0	0	good	false			
EPI_ISL_222339|B/Maryland/04/2016|HA	V1A	0	good	23	0	0	0	4	0	0	0	0	0	T62C,T159C,C270T,G297A,G312T,A318G,C378T,A427G,C441T,T444C,A463G,T534C,A627G,G673A,T810C,G846A,G873A,C969T,A1152G,A1227T,C1782T,G1794A,A1835G					T62C,A627G	0	0	2	2		HA1:I117V,HA1:N129D,HA1:A199T,SigPep:V10A						5476	14	1870	0.9846153846153848					4	0	good	0	15	-5	0	good	0						0		0	0	good		0	0	good	false			
EPI_ISL_267563|B/Maryland/29/2017|HA	V1A	0	good	22	0	0	0	3	0	0	0	0	0	T159C,C270T,C276T,G297A,G312T,A318G,C378T,A427G,C441T,T444C,A463G,T534C,G673A,T810C,G846A,G873A,C969T,A1152G,A1227T,C1782T,G1794A,A1835G					C276T	0	0	1	1		HA1:I117V,HA1:N129D,HA1:A199T						5480	14	1870	0.9846153846153848					4	0	good	0	15	-5	0	good	0						0		0	0	good		0	0	good	false			
EPI_ISL_258182|B/Maryland/04/2017|HA	V1A	6.250000	good	21	0	0	0	3	0	0	0	1	0	T159C,C270T,G297A,G312T,A318G,C378T,A427G,C441T,T444C,A463G,T534C,G673A,T810C,G846A,G873A,C969T,A1152G,A1227T,C1782T,G1794A,A1835G						0	0	0	0		HA1:I117V,HA1:N129D,HA1:A199T				K:49		5484	14	1870	0.9840848806366048					4	25	good	1	15	-5	0	good	0						0		0	0	good		0	0	good	false			
EPI_ISL_258201|B/Maryland/04/2017|HA	V1A	6.250000	good	21	0	0	0	3	0	0	0	1	0	T159C,C270T,G297A,G312T,A318G,C378T,A427G,C441T,T444C,A463G,T534C,G673A,T810C,G846A,G873A,C969T,A1152G,A1227T,C1782T,G1794A,A1835G						0	0	0	0		HA1:I117V,HA1:N129D,HA1:A199T				K:49		5484	14	1870	0.9840848806366048					4	25	good	1	15	-5	0	good	0						0		0	0	good		0	0	good	false			
EPI_ISL_232327|B/Maryland/10/2016|HA	V1A	0	good	22	0	0	0	4	0	0	0	0	0	T159C,C270T,G297A,G312T,A318G,C378T,A427G,C441T,T444C,A463G,T534C,G673A,T810C,G846A,G873A,C969T,A1112G,A1152G,A1227T,C1782T,G1794A,A1835G						0	0	0	0		HA1:I117V,HA1:N129D,HA1:A199T,HA1:K345R						5480	14	1870	0.9846153846153848					4	0	good	0	15	-5	0	good	0						0		0	0	good		0	0	good	false			
EPI_ISL_267573|B/Maryland/39/2017|HA	V1A	0	good	23	0	0	0	3	0	0	0	0	0	T159C,C270T,G297A,G312T,A318G,C378T,A427G,C441T,T444C,A463G,T534C,G673A,T807C,T810C,G846A,G873A,C969T,A1152G,A1227T,C1782T,G1794A,C1828T,A1835G					C1828T	0	0	1	1		HA1:I117V,HA1:N129D,HA1:A199T						5476	14	1870	0.9846153846153848					4	0	good	0	15	-5	0	good	0						0		0	0	good		0	0	good	false			
EPI_ISL_264116|B/Maryland/19/2017|HA	V1A	0	good	23	0	0	0	3	0	0	0	0	0	T159A,C270T,G297A,G312T,A318G,C378T,A427G,C441T,T444C,A463G,T534C,G673A,C674A,T807C,T810C,G846A,G873A,C969T,A1152G,A1227T,C1782T,G1794A,A1835G					C159A,C674A	0	0	2	2		HA1:I117V,HA1:N129D,HA1:A199N						5476	14	1870	0.9846153846153848					4	0	good	0	15	-5	0	good	0						0		0	0	good		0	0	good	false			
EPI_ISL_247651|B/Maryland/01/2017|HA	V1A	0	good	22	0	0	0	3	0	0	0	0	0	T159C,C270T,G297A,G312T,A318G,C378T,A427G,C441T,T444C,A463G,T534C,G673A,T807C,T810C,G846A,G873A,C969T,A1152G,A1227T,C1782T,G1794A,A1835G						0	0	0	0		HA1:I117V,HA1:N129D,HA1:A199T						5480	14	1870	0.9846153846153848					4	0	good	0	15	-5	0	good	0						0		0	0	good		0	0	good	false			
EPI_ISL_267558|B/Maryland/24/2017|HA	V1A	0	good	22	0	0	0	3	0	0	0	0	0	T159C,C270T,G297A,G312T,A318G,C378T,A427G,C441T,T444C,A463G,T534C,G673A,T807C,T810C,G846A,G873A,C969T,A1152G,A1227T,C1782T,G1794A,A1835G						0	0	0	0		HA1:I117V,HA1:N129D,HA1:A199T						5480	14	1870	0.9846153846153848					4	0	good	0	15	-5	0	good	0						0		0	0	good		0	0	good	false			
EPI_ISL_266623|B/Maryland/20/2017|HA	V1A	0	good	22	0	0	0	3	0	0	0	0	0	T159A,C270T,G297A,G312T,A318G,C378T,A427G,C441T,T444C,A463G,T534C,G673A,T807C,T810C,G846A,G873A,C969T,A1152G,A1227T,C1782T,G1794A,A1835G					C159A	0	0	1	1		HA1:I117V,HA1:N129D,HA1:A199T						5480	14	1870	0.9846153846153848					4	0	good	0	15	-5	0	good	0						0		0	0	good		0	0	good	false			
EPI_ISL_222940|B/Maryland/07/2016|HA	V1A	0	good	20	0	0	0	3	0	0	0	0	0	T159C,C270T,G297A,A316G,A318G,C378T,C441T,T444C,A463G,T534C,G673A,G759A,G846A,T861C,G873A,C969T,A1107G,A1152G,A1227T,A1835G					A316G,G759A,T861C	0	0	3	3		HA1:R80G,HA1:N129D,HA1:A199T						5488	14	1870	0.9846153846153848					4	0	good	0	15	-5	0	good	0						0		0	0	good		0	0	good	false			
EPI_ISL_205694|B/Maryland/27/2015|HA	V1A	0	good	20	0	0	0	3	0	0	0	0	0	T159C,C270T,G297A,A318G,C378T,A427G,C441T,T444C,A463G,A471G,T534C,G673A,G846A,G873A,C969T,A1152G,A1227T,T1389C,A1527G,A1835G					A471G	0	0	1	1		HA1:I117V,HA1:N129D,HA1:A199T						5488	14	1870	0.9846153846153848					4	0	good	0	15	-5	0	good	0						0		0	0	good		0	0	good	false			
EPI_ISL_207274|B/Maryland/27/2015|HA	V1A	0	good	20	0	0	0	3	0	0	0	0	0	T159C,C270T,G297A,A318G,C378T,A427G,C441T,T444C,A463G,A471G,T534C,G673A,G846A,G873A,C969T,A1152G,A1227T,T1389C,A1527G,A1835G					A471G	0	0	1	1		HA1:I117V,HA1:N129D,HA1:A199T						5488	14	1870	0.9846153846153848					4	0	good	0	15	-5	0	good	0						0		0	0	good		0	0	good	false			
EPI_ISL_182684|B/Maryland/04/2015|HA	V1A	0	good	17	0	0	0	4	0	0	0	0	0	T159C,C270T,G297A,A318G,C378T,C441T,T444C,A463G,T534C,G673A,G820A,G846A,G873A,C969T,A1030G,A1152G,A1227T					G820A,A1030G	0	0	2	2		HA1:N129D,HA1:A199T,HA1:V248I,HA1:I318V						5206	33	1791	0.9326259946949602					4	0	good	0	15	-5	0	good	0						0		0	0	good		0	0	good	false			
EPI_ISL_193655|B/Maryland/17/2015|HA	V1A	0	good	18	0	0	0	4	0	0	0	0	0	T159C,C270T,G297A,A318G,C378T,C441T,T444C,A463G,T534C,G673A,G820A,G846A,G873A,C969T,A1030G,C1062T,A1152G,A1227T					G820A,A1030G,C1062T	0	0	3	3		HA1:N129D,HA1:A199T,HA1:V248I,HA1:I318V						5202	33	1791	0.9326259946949602					4	0	good	0	15	-5	0	good	0						0		0	0	good		0	0	good	false			
EPI_ISL_29530|B/Maryland/01/2009|HA	V1A	6.250000	good	27	0	0	0	4	0	0	0	1	0	C123T,G228A,A273G,A303C,A342G,C412A,C441T,A514G,C592T,G646A,C666T,G672A,G673A,C750T,A792G,G873A,T880C,G894A,A1080G,G1236A,T1362C,A1392T,A1458G,G1482A,T1674C,C1723T,G1725A					C123T,G228A,A273G,A303C,A342G,C412A,C441T,A514G,C592T,G646A,C666T,G672A,G673A,C750T,A792G,G873A,T880C,G894A,A1080G,G1236A,T1362C,A1392T,A1458G,G1482A,T1674C,C1723T,G1725A	0	0	27	27		HA1:K75N,HA1:I146V,HA1:P172S,HA1:V190I				M:674		5166	33	1791	0.9320954907161804					4	25	good	1	15	-5	0	good	0						0		0	0	good		0	0	good	false			
EPI_ISL_33107|B/Maryland/06/2009|HA	V1A	0	good	26	0	0	0	6	0	0	0	0	0	C123T,G228A,A273G,A303C,A342G,C412A,C441T,A514G,C592T,G646A,C666T,G672A,G673A,G873A,T880C,G894A,A1080G,G1236A,T1362C,A1392T,A1458G,G1482A,C1627A,T1674C,C1723T,G1725A					C123T,G228A,A273G,A303C,A342G,C412A,C441T,A514G,C592T,G646A,C666T,G672A,G673A,G873A,T880C,G894A,A1080G,G1236A,T1362C,A1392T,A1458G,G1482A,C1627A,T1674C,C1723T,G1725A	0	0	26	26		HA1:K75N,HA1:I146V,HA1:P172S,HA1:V190I,HA1:A199T,HA2:L171M						5170	33	1791	0.9326259946949602					4	0	good	0	15	-5	0	good	0						0		0	0	good		0	0	good	false			
EPI_ISL_193220|B/Maryland/14/2015|HA	V1A	0	good	16	0	0	0	5	0	0	0	0	0	G121A,T159C,G297A,C378T,C441T,T444C,A463G,A514G,T534C,A667G,G673A,T819C,G846A,G873A,G939A,A1227T					G121A,G297A,A463G,A514G,A667G,T819C,G846A,G939A	0	0	8	8		HA1:V15I,HA1:N129D,HA1:I146V,HA1:N197D,HA1:A199T						5210	33	1791	0.9326259946949602					4	0	good	0	15	-5	0	good	0						0		0	0	good		0	0	good	false			
EPI_ISL_169166|B/Maryland/16/2014|HA	V1A	0	good	12	0	0	0	3	0	0	0	0	0	T159C,G297A,C378T,C441T,T444C,A463G,A514G,T534C,G673A,G846A,G873A,A1227T					G297A,A463G,A514G,G846A	0	0	4	4		HA1:N129D,HA1:I146V,HA1:A199T						5226	33	1791	0.9326259946949602					4	0	good	0	15	-5	0	good	0						0		0	0	good		0	0	good	false			
EPI_ISL_195494|B/Maryland/14/2015|HA	V1A	0	good	14	0	0	0	4	0	0	0	0	0	G121A,T159C,G297A,C378T,C441T,T444C,A463G,A514G,T534C,G673A,G846A,G873A,G939A,A1227T					G121A,G297A,A463G,A514G,G846A,G939A	0	0	6	6		HA1:V15I,HA1:N129D,HA1:I146V,HA1:A199T						5218	33	1791	0.9326259946949602					4	0	good	0	15	-5	0	good	0						0		0	0	good		0	0	good	false			
EPI_ISL_157845|B/Maryland/01/2014|HA	V1A	0	good	17	0	0	0	6	0	0	0	0	0	T159C,C296T,A301C,T310C,C378T,C441T,T444C,A514G,T534C,C555A,G673A,G705T,G873A,C918T,A984G,A1227T,C1617T					C296T,A301C,T310C,A514G,C555A,G705T,C918T,A984G,C1617T	0	0	9	9		HA1:T73M,HA1:K75Q,HA1:S78P,HA1:I146V,HA1:A199T,HA1:K209N						5206	33	1791	0.9326259946949602					4	0	good	0	15	-5	0	good	0						0		0	0	good		0	0	good	false			
EPI_ISL_164324|B/Maryland/07/2014|HA	V1A	6.250000	good	14	0	0	0	2	0	0	0	1	0	T159C,C378T,C441T,T444C,A514G,T534C,G673A,G705T,G873A,A984G,A1158G,A1227T,C1617T,T1749C					A514G,G705T,A984G,A1158G,C1617T,T1749C	0	0	6	6		HA1:I146V,HA1:K209N				Y:674		5218	33	1791	0.9320954907161804					4	25	good	1	15	-5	0	good	0						0		0	0	good		0	0	good	false			
EPI_ISL_130208|B/Maryland/07/2012|HA	V1A	0	good	13	0	0	0	3	0	0	0	0	0	T159C,C378T,C441T,T444C,A514G,T534C,G673A,G705T,G873A,A984G,G1218A,A1227T,C1617T					G705T,A984G,C1617T	0	0	3	3		HA1:I146V,HA1:A199T,HA1:K209N						5222	33	1791	0.9326259946949602					4	0	good	0	15	-5	0	good	0						0		0	0	good		0	0	good	false			
EPI_ISL_124957|B/Maryland/06/2012|HA	V1A	0	good	12	0	0	0	3	0	0	0	0	0	T159C,C378T,C441T,T444C,A514G,T534C,G673A,A850G,G873A,A984G,T1063C,A1227T					A514G,A850G,A984G,T1063C	0	0	4	4		HA1:I146V,HA1:A199T,HA1:T258A						5226	33	1791	0.9326259946949602					4	0	good	0	15	-5	0	good	0						0		0	0	good		0	0	good	false			
EPI_ISL_107112|B/Maryland/02/2012|HA	V1A	0	good	9	0	0	0	2	0	0	0	0	0	T159C,C378T,C441T,T444C,A514G,T534C,G673A,G873A,A1227T					A514G	0	0	1	1		HA1:I146V,HA1:A199T						5238	33	1791	0.9326259946949602					4	0	good	0	15	-5	0	good	0						0		0	0	good		0	0	good	false			
EPI_ISL_120324|B/Maryland/05/2012|HA	V1A	0	good	10	0	0	0	2	0	0	0	0	0	T159C,C378T,C441T,T444C,A514G,T534C,G673A,G873A,C936A,A1227T					A514G,C936A	0	0	2	2		HA1:I146V,HA1:A199T						5234	33	1791	0.9326259946949602					4	0	good	0	15	-5	0	good	0						0		0	0	good		0	0	good	false			
EPI_ISL_85993|B/Maryland/07/2010|HA	V1A	0	good	12	0	0	0	3	0	0	0	0	0	G121A,G341A,C412A,C441T,C669T,G672A,G673A,A1131T,T1143C,C1344T,C1357T,C1617T					G121A,G341A,C412A,C441T,C669T,G672A,G673A,A1131T,T1143C,C1344T,C1357T,C1617T	0	0	12	12		HA1:V15I,HA1:R88K,HA1:A199T						5226	33	1791	0.9326259946949602					4	0	good	0	15	-5	0	good	0						0		0	0	good		0	0	good	false			
EPI_ISL_88880|B/Maryland/01/2011|HA	V1A	6.250000	good	11	0	0	0	2	0	0	0	1	0	G121A,C412A,C441T,C669T,G672A,G673A,A1131T,T1143C,C1344T,C1357T,C1617T					G121A,C412A,C441T,C669T,G672A,G673A,A1131T,T1143C,C1344T,C1357T,C1617T	0	0	11	11		HA1:V15I,HA1:A199T				R:1731		5230	33	1791	0.9320954907161804					4	25	good	1	15	-5	0	good	0						0		0	0	good		0	0	good	false			
EPI_ISL_93523|B/Maryland/04/2011|HA	V1A	0	good	12	0	0	0	2	0	0	0	0	0	G121A,C412A,C441T,C558T,C669T,G672A,G673A,A1131T,T1143C,C1344T,C1357T,C1617T					G121A,C412A,C441T,C558T,C669T,G672A,G673A,A1131T,T1143C,C1344T,C1357T,C1617T	0	0	12	12		HA1:V15I,HA1:A199T						5226	33	1791	0.9326259946949602					4	0	good	0	15	-5	0	good	0						0		0	0	good		0	0	good	false			
EPI_ISL_93521|B/Maryland/02/2011|HA	V1A	6.250000	good	12	0	0	0	2	0	0	0	1	0	G121A,C412A,C441T,T642C,C669T,G672A,G673A,A1131T,T1143C,C1344T,C1357T,C1617T					G121A,C412A,C441T,T642C,C669T,G672A,G673A,A1131T,T1143C,C1344T,C1357T,C1617T	0	0	12	12		HA1:V15I,HA1:A199T				S:555		5226	33	1791	0.9320954907161804					4	25	good	1	15	-5	0	good	0						0		0	0	good		0	0	good	false			
EPI_ISL_33105|B/Maryland/02/2009|HA	V1A	0	good	4	0	0	0	1	0	0	0	0	0	C441T,G673A,T888C,C1344T					C441T,G673A,T888C,C1344T	0	0	4	4		HA1:A199T						5258	33	1791	0.9326259946949602					4	0	good	0	15	-5	0	good	0						0		0	0	good		0	0	good	false			
EPI_ISL_33106|B/Maryland/03/2009|HA	V1A	0	good	4	0	0	0	2	0	0	0	0	0	C441T,G673A,G751A,A1662G					C441T,G673A,G751A,A1662G	0	0	4	4		HA1:A199T,HA1:V225I						5258	33	1791	0.9326259946949602					4	0	good	0	15	-5	0	good	0						0		0	0	good		0	0	good	false			
EPI_ISL_88881|B/Maryland/08/2010|HA	V1A	225	bad	21	0	0	0	4	0	0	0	6	0	G228A,T251C,C378T,C412A,G432A,C441T,A514G,C537T,C666T,G670A,G673A,C690T,G873A,A1056G,G1068A,C1105T,A1194T,T1362C,G1365A,C1503T,T1677C					G228A,T251C,C378T,C412A,G432A,C441T,A514G,C537T,C666T,G670A,G673A,C690T,G873A,A1056G,G1068A,C1105T,A1194T,T1362C,G1365A,C1503T,T1677C	0	0	21	21		HA1:L58P,HA1:I146V,HA1:E198K,HA1:A199T				R:316,R:385,R:427,R:454,R:485,R:703		5190	33	1791	0.9294429708222812					4	150	bad	6	15	-5	0	good	0						0		0	0	good		0	0	good	false			
EPI_ISL_70449|B/Maryland/08/2009|HA	V1A	0	good	14	0	0	0	2	0	0	0	0	0	G228A,C339G,G357A,C441T,A514G,C528T,C666T,G673A,G873A,C963T,C978T,A1056G,A1194G,T1362C					G228A,C339G,G357A,C441T,A514G,C528T,C666T,G673A,G873A,C963T,C978T,A1056G,A1194G,T1362C	0	0	14	14		HA1:I146V,HA1:A199T						5218	33	1791	0.9326259946949602					4	0	good	0	15	-5	0	good	0						0		0	0	good		0	0	good	false			
EPI_ISL_71453|B/Maryland/01/2010|HA	V1A	0	good	17	0	0	0	3	0	0	0	0	0	G147A,G228A,T251C,C441T,A514G,A627G,C666T,G673A,C690T,G873A,A1056G,A1149G,A1194G,G1248A,C1275T,G1290A,T1362C					G147A,G228A,T251C,C441T,A514G,A627G,C666T,G673A,C690T,G873A,A1056G,A1149G,A1194G,G1248A,C1275T,G1290A,T1362C	0	0	17	17		HA1:L58P,HA1:I146V,HA1:A199T						5206	33	1791	0.9326259946949602					4	0	good	0	15	-5	0	good	0						0		0	0	good		0	0	good	false			
EPI_ISL_79380|B/Maryland/02/2010|HA	V1A	0	good	16	0	0	0	4	0	0	0	0	0	G228A,T251C,G337A,G432A,C441T,A514G,C666T,G673A,G873A,A1056G,A1194G,G1218A,T1362C,G1470A,C1503T,T1677C					G228A,T251C,G337A,G432A,C441T,A514G,C666T,G673A,G873A,A1056G,A1194G,G1218A,T1362C,G1470A,C1503T,T1677C	0	0	16	16		HA1:L58P,HA1:V87I,HA1:I146V,HA1:A199T						5210	33	1791	0.9326259946949602					4	0	good	0	15	-5	0	good	0						0		0	0	good		0	0	good	false			
