seqName;clade;qc.overallScore;qc.overallStatus;totalSubstitutions;totalDeletions;totalInsertions;totalFrameShifts;totalAminoacidSubstitutions;totalAminoacidDeletions;totalAminoacidInsertions;totalMissing;totalNonACGTNs;totalPcrPrimerChanges;substitutions;deletions;insertions;privateNucMutations.reversionSubstitutions;privateNucMutations.labeledSubstitutions;privateNucMutations.unlabeledSubstitutions;privateNucMutations.totalReversionSubstitutions;privateNucMutations.totalLabeledSubstitutions;privateNucMutations.totalUnlabeledSubstitutions;privateNucMutations.totalPrivateSubstitutions;frameShifts;aaSubstitutions;aaDeletions;aaInsertions;missing;nonACGTNs;pcrPrimerChanges;alignmentScore;alignmentStart;alignmentEnd;coverage;qc.missingData.missingDataThreshold;qc.missingData.score;qc.missingData.status;qc.missingData.totalMissing;qc.mixedSites.mixedSitesThreshold;qc.mixedSites.score;qc.mixedSites.status;qc.mixedSites.totalMixedSites;qc.privateMutations.cutoff;qc.privateMutations.excess;qc.privateMutations.score;qc.privateMutations.status;qc.privateMutations.total;qc.snpClusters.clusteredSNPs;qc.snpClusters.score;qc.snpClusters.status;qc.snpClusters.totalSNPs;qc.frameShifts.frameShifts;qc.frameShifts.totalFrameShifts;qc.frameShifts.frameShiftsIgnored;qc.frameShifts.totalFrameShiftsIgnored;qc.frameShifts.score;qc.frameShifts.status;qc.stopCodons.stopCodons;qc.stopCodons.totalStopCodons;qc.stopCodons.score;qc.stopCodons.status;isReverseComplement;failedGenes;warnings;errors
EPI_ISL_132491|B/Maryland/08/2012|HA;Y2;0;good;40;0;0;0;7;0;0;0;0;0;C24A,C129T,G141A,G188A,G210A,T244C,G267A,C270T,T282G,C297T,G303A,T330C,C367G,A432G,T494G,T504C,T538A,C559T,A586G,G650A,A731G,T783C,A900C,A1017G,G1074A,A1119G,G1185T,G1188T,T1203C,T1221C,T1242C,C1269T,A1278G,T1341C,C1362T,C1426T,C1488T,C1524T,A1566G,A1689G;;;A594G,G627A,A746C,T1419C;;C24A,T244C,A432G,A1119G,T1341C,C1426T,C1524T,A1566G;4;0;8;12;;HA1:R48K,HA1:P108A,HA1:I150S,HA1:Y165N,HA1:T181A,HA1:S202N,HA1:D229G;;;;;;5105;0;1755;1;;;;;4;0;good;0;15;-5;0;good;0;;;;;;0;;0;0;good;;0;0;good;false;;;
EPI_ISL_139551|B/Maryland/01/2013|HA;Y2;6.250000;good;37;0;0;0;8;0;0;0;1;0;C129T,G141A,G188A,G210A,G267A,C270T,T282G,C297T,G303A,T330C,C367G,T494G,T504C,T538A,C559T,A586G,G594A,G650A,A731G,T783C,A900C,A1017G,T1026A,A1030G,G1074A,G1185T,G1188T,T1203C,T1221C,T1242C,C1269T,A1278G,C1362T,C1419T,T1464C,C1488T,A1689G;;;G627A,A746C;;T1026A,A1030G,T1464C;2;0;3;5;;HA1:R48K,HA1:P108A,HA1:I150S,HA1:Y165N,HA1:T181A,HA1:S202N,HA1:D229G,HA1:K329E;;;;R:347;;5117;0;1755;0.9994301994301994;;;;;4;25;good;1;15;-5;0;good;0;;;;;;0;;0;0;good;;0;0;good;false;;;
EPI_ISL_142897|B/Maryland/02/2013|HA;Y2;0;good;37;0;0;0;7;0;0;0;0;0;G63A,C129T,G141A,G188A,G210A,G267A,C270T,T282G,C297T,G303A,T330C,C367G,A384G,T494G,T504C,T538A,C559T,A586G,G594A,G650A,A731G,T783C,C876T,A900C,A1017G,G1074A,G1185T,G1188T,T1203C,T1221C,T1242C,C1269T,A1278G,C1362T,C1419T,C1488T,A1689G;;;G627A,A746C;;G63A,A384G,C876T;2;0;3;5;;HA1:R48K,HA1:P108A,HA1:I150S,HA1:Y165N,HA1:T181A,HA1:S202N,HA1:D229G;;;;;;5117;0;1755;1;;;;;4;0;good;0;15;-5;0;good;0;;;;;;0;;0;0;good;;0;0;good;false;;;
EPI_ISL_143228|B/Maryland/03/2013|HA;Y2;0;good;37;0;0;0;8;0;0;0;0;0;C129T,G141A,G188A,G210A,G267A,C270T,T282G,C297T,G303A,T330C,C367G,T494G,T504C,T538A,C559T,A586G,G594A,G650A,A731G,T783C,T898G,A900C,A1017G,G1074A,G1185T,G1188T,T1203C,T1221C,T1242C,T1245G,C1269T,A1278G,C1362T,C1419T,C1488T,A1689G,T1749C;;;G627A,A746C;;T898G,T1245G,T1749C;2;0;3;5;;HA1:R48K,HA1:P108A,HA1:I150S,HA1:Y165N,HA1:T181A,HA1:S202N,HA1:D229G,HA1:S285A;;;;;;5117;0;1755;1;;;;;4;0;good;0;15;-5;0;good;0;;;;;;0;;0;0;good;;0;0;good;false;;;
EPI_ISL_93522|B/Maryland/03/2011|HA;Y1;0;good;17;0;0;0;2;0;0;0;0;0;A153G,T174C,G303A,A411G,C480T,T504C,C587A,G650A,T873C,A936G,T1002C,A1044G,G1074A,A1095G,T1464C,C1488T,T1605C;;;;;A153G,T174C,G303A,A411G,C480T,T504C,C587A,G650A,T873C,A936G,T1002C,A1044G,G1074A,A1095G,T1464C,C1488T,T1605C;0;0;17;17;;HA1:T181K,HA1:S202N;;;;;;5197;0;1755;1;;;;;4;0;good;0;15;-5;0;good;0;;;;;;0;;0;0;good;;0;0;good;false;;;
EPI_ISL_117026|B/Maryland/03/2012|HA;Y1;0;good;19;0;0;0;4;0;0;0;0;0;T174C,C243T,G303A,A411G,C480T,T504C,C587A,G650A,A724G,A812G,A936G,A999G,T1002C,G1032A,A1044G,G1074A,A1095G,T1464C,C1488T;;;;;T174C,C243T,G303A,A411G,C480T,T504C,C587A,G650A,A724G,A812G,A936G,A999G,T1002C,G1032A,A1044G,G1074A,A1095G,T1464C,C1488T;0;0;19;19;;HA1:T181K,HA1:S202N,HA1:I227V,HA1:K256R;;;;;;5189;0;1755;1;;;;;4;0;good;0;15;-5;0;good;0;;;;;;0;;0;0;good;;0;0;good;false;;;
EPI_ISL_218682|B/Maryland/01/2016|HA;Y3;0;good;17;0;97;0;6;0;0;0;0;0;A108G,G189A,C300T,T393G,T560A,A567G,A627G,A677G,A796G,A937G,G979A,T1215C,G1254A,G1320A,G1329A,T1356C,C1578T;;0:ATTTTCTAATATCCACAAA,1755:GGAAGGTTAGGCCTTGTATTTTCCTTTATTGTAGTGCTTGTTTGCTTGTCATCATTACAAAAAACGTTATTGAAAAAT;;;A108G,G189A,G1320A;0;0;3;3;;HA1:N116K,HA1:L172Q,HA1:K211R,HA1:M251V,HA1:K298E,HA1:E312K;;;;;;5197;0;1755;1;;;;;4;0;good;0;15;-5;0;good;0;;;;;;0;;0;0;good;;0;0;good;false;;;
EPI_ISL_240468|B/Maryland/12/2016|HA;Y3;0;good;20;0;98;0;8;0;0;0;0;0;C217A,C300T,T393G,T560A,A567G,G571A,A627G,A677G,A796G,A937G,G979A,C1038T,G1188A,T1215C,G1254A,G1329A,T1356C,C1578T,G1629A,C1731T;;0:ATTTTCTAATATCCACAAA,1755:GGAAGGTTAGGCCTTGTATTTTCCTTTGTTGTAGTGCTTGTTTGCTTGTCATCATTACAGAGAAACGTTATTGAAAAAT;G40A;;C217A,G1188A,G1629A;1;0;3;4;;HA1:L58I,HA1:N116K,HA1:L172Q,HA1:V176I,HA1:K211R,HA1:M251V,HA1:K298E,HA1:E312K;;;;;;5185;0;1755;1;;;;;4;0;good;0;15;-5;0;good;0;;;;;;0;;0;0;good;;0;0;good;false;;;
EPI_ISL_259780|B/Maryland/12/2016|HA;Y3;0;good;20;0;98;0;8;0;0;0;0;0;C217A,C300T,T393G,T560A,A567G,G571A,A627G,A677G,A796G,A937G,G979A,C1038T,G1188A,T1215C,G1254A,G1329A,T1356C,C1578T,G1629A,C1731T;;0:ATTTTCTAATATCCACAAA,1755:GGAAGGTTAGGCCTTGTATTTTCCTTTGTTGTAGTGCTTGTTTGCTTGTCATCATTACAGAGAAACGTTATTGAAAAAT;G40A;;C217A,G1188A,G1629A;1;0;3;4;;HA1:L58I,HA1:N116K,HA1:L172Q,HA1:V176I,HA1:K211R,HA1:M251V,HA1:K298E,HA1:E312K;;;;;;5185;0;1755;1;;;;;4;0;good;0;15;-5;0;good;0;;;;;;0;;0;0;good;;0;0;good;false;;;
EPI_ISL_205305|B/Maryland/26/2015|HA;Y3;0;good;17;0;0;0;7;0;0;0;0;0;A40G,C300T,T393G,T560A,A567G,A627G,A660G,A677G,A796G,A937G,G979A,T1215C,G1254A,G1329A,T1356C,C1578T,C1731T;;;;;A40G,A660G,C1731T;0;0;3;3;;HA1:N116K,HA1:L172Q,HA1:K211R,HA1:M251V,HA1:K298E,HA1:E312K,SigPep:N14D;;;;;;5197;0;1755;1;;;;;4;0;good;0;15;-5;0;good;0;;;;;;0;;0;0;good;;0;0;good;false;;;
EPI_ISL_243866|B/Maryland/14/2016|HA;Y3;0;good;19;0;98;0;9;0;0;0;0;0;T29C,A40G,C300T,T393G,T560A,A567G,G571A,A627G,A677G,A796G,A937G,G979A,C1038T,T1215C,G1254A,G1329A,T1356C,C1578T,C1731T;;0:ATTTTCTAATATCCACAAA,1755:GGAAGGTTAGGCCTTGTATTTTCCTTTGTTGTAGTGCTTGTTTGCTTGTCATCATTACAGAGAAACGTTATTGAAAAAT;;;T29C;0;0;1;1;;HA1:N116K,HA1:L172Q,HA1:V176I,HA1:K211R,HA1:M251V,HA1:K298E,HA1:E312K,SigPep:V10A,SigPep:N14D;;;;;;5189;0;1755;1;;;;;4;0;good;0;15;-5;0;good;0;;;;;;0;;0;0;good;;0;0;good;false;;;
EPI_ISL_247625|B/Maryland/14/2016|HA;Y3;0;good;19;0;98;0;9;0;0;0;0;0;T29C,A40G,C300T,T393G,T560A,A567G,G571A,A627G,A677G,A796G,A937G,G979A,C1038T,T1215C,G1254A,G1329A,T1356C,C1578T,C1731T;;0:ATTTTCTAATATCCACAAA,1755:GGAAGGTTAGGCCTTGTATTTTCCTTTGTTGTAGTGCTTGTTTGCTTGTCATCATTACAGAGAAACGTTATTGAAAAAT;;;T29C;0;0;1;1;;HA1:N116K,HA1:L172Q,HA1:V176I,HA1:K211R,HA1:M251V,HA1:K298E,HA1:E312K,SigPep:V10A,SigPep:N14D;;;;;;5189;0;1755;1;;;;;4;0;good;0;15;-5;0;good;0;;;;;;0;;0;0;good;;0;0;good;false;;;
EPI_ISL_136475|B/Maryland/11/2012|HA;Y3;0;good;14;0;0;0;4;0;0;0;0;0;C300T,T393G,T504C,A567G,G618A,A627G,T693C,A812G,A937G,G979A,G1188A,G1254A,G1329A,T1569C;;;G796A;;T504C,G618A,T693C,A812G,G1188A,T1569C;1;0;6;7;;HA1:N116K,HA1:K256R,HA1:K298E,HA1:E312K;;;;;;5209;0;1755;1;;;;;4;0;good;0;15;-5;0;good;0;;;;;;0;;0;0;good;;0;0;good;false;;;
EPI_ISL_194875|B/Maryland/18/2015|HA;Y3;0;good;14;0;0;0;6;0;0;0;0;0;C35T,A36G,G63T,C300T,T393G,T560A,A567G,A627G,A796G,A837G,A937G,G979A,G1254A,G1329A;;;;;;0;0;0;0;;HA1:N116K,HA1:L172Q,HA1:M251V,HA1:K298E,HA1:E312K,SigPep:T12M;;;;;;5209;0;1755;1;;;;;4;0;good;0;15;-5;0;good;0;;;;;;0;;0;0;good;;0;0;good;false;;;
EPI_ISL_212817|B/Maryland/28/2015|HA;Y3;0;good;17;0;98;0;6;0;0;0;0;0;C35T,A36G,G63T,C300T,T393G,C495T,T560A,A567G,A627G,A796G,A837G,A937G,G979A,G1254A,G1329A,T1437C,A1491G;;0:ATTTTCTAATATCCACAAA,1755:GGAAGGTTAGGCCTTGTATTTTCCTTTATTGTAGTGCTTGTTTGCTTGTCATCATTACAAAGAAACGTTATTGAAAAAT;;;C495T,T1437C,A1491G;0;0;3;3;;HA1:N116K,HA1:L172Q,HA1:M251V,HA1:K298E,HA1:E312K,SigPep:T12M;;;;;;5197;0;1755;1;;;;;4;0;good;0;15;-5;0;good;0;;;;;;0;;0;0;good;;0;0;good;false;;;
EPI_ISL_232325|B/Maryland/08/2016|HA;Y3;0;good;16;0;98;0;6;0;0;0;0;0;C269A,C300T,A392G,T393G,T477C,T560A,A567G,A627G,C746A,A837G,A937G,G979A,G1254A,G1329A,T1341C,T1627C;;0:ATTTTCTAATATCCACAAA,1755:GGAAGGTTAGGCCTTGTATTTTCCTTTATTGTAGTGCTTGTTTGCTTGTCATCATTACAAAGAAACGTTATTGAAAAAT;;;;0;0;0;0;;HA1:T75N,HA1:N116R,HA1:L172Q,HA1:T234K,HA1:K298E,HA1:E312K;;;;;;5201;0;1755;1;;;;;4;0;good;0;15;-5;0;good;0;;;;;;0;;0;0;good;;0;0;good;false;;;
EPI_ISL_193278|B/Maryland/19/2015|HA;Y3;0;good;16;0;0;0;7;0;0;0;0;0;A150G,C300T,T393G,T560A,A567G,A627G,G784A,A796G,A837G,A937G,G979A,G1254A,C1269T,G1329A,A1455G,G1535A;;;;;A150G,G784A,C1269T,A1455G,G1535A;0;0;5;5;;HA1:N116K,HA1:L172Q,HA1:V247I,HA1:M251V,HA1:K298E,HA1:E312K,HA2:R151K;;;;;;5201;0;1755;1;;;;;4;0;good;0;15;-5;0;good;0;;;;;;0;;0;0;good;;0;0;good;false;;;
EPI_ISL_225192|B/Maryland/05/2016|HA;Y3;0;good;18;0;98;0;6;0;0;0;0;0;G141T,C300T,T393G,T560A,A567G,A627G,C774T,T783A,A796G,A803G,A837G,A937G,A951G,G979A,T1215C,G1254A,G1329A,T1356C;;0:ATTTTCTAATATCCACAAA,1755:GGAAGGTTAGGCCTTGTATTTTCCTTTATTGTAGTGCTTGTTTGCTTGTCATCATTACAAAGAAACGTTATTGAAAAAT;;;;0;0;0;0;;HA1:N116K,HA1:L172Q,HA1:M251V,HA1:K253R,HA1:K298E,HA1:E312K;;;;;;5193;0;1755;1;;;;;4;0;good;0;15;-5;0;good;0;;;;;;0;;0;0;good;;0;0;good;false;;;
EPI_ISL_229376|B/Maryland/05/2016|HA;Y3;0;good;18;0;98;0;6;0;0;0;0;0;G141T,C300T,T393G,T560A,A567G,A627G,C774T,T783A,A796G,A803G,A837G,A937G,A951G,G979A,T1215C,G1254A,G1329A,T1356C;;0:ATTTTCTAATATCCACAAA,1755:GGAAGGTTAGGCCTTGTATTTTCCTTTATTGTAGTGCTTGTTTGCTTGTCATCATTACAAAGAAACGTTATTGAAAAAT;;;;0;0;0;0;;HA1:N116K,HA1:L172Q,HA1:M251V,HA1:K253R,HA1:K298E,HA1:E312K;;;;;;5193;0;1755;1;;;;;4;0;good;0;15;-5;0;good;0;;;;;;0;;0;0;good;;0;0;good;false;;;
EPI_ISL_232326|B/Maryland/09/2016|HA;Y3;0;good;19;0;98;0;6;0;0;0;0;0;G141T,C269A,C300T,A381G,T393G,T560A,A567G,A627G,C774T,T783A,A796G,A837G,A937G,A951G,G979A,T1215C,G1254A,G1329A,T1356C;;0:ATTTTCTAATATCCACAAA,1755:GGAAGGTTAGGCCTTGTATTTTCCTTTATTGTAGTGCTTGTTTGCTTGTCATCATTACAAAGAAACGTTATTGAAAAAT;;;C269A;0;0;1;1;;HA1:T75N,HA1:N116K,HA1:L172Q,HA1:M251V,HA1:K298E,HA1:E312K;;;;;;5189;0;1755;1;;;;;4;0;good;0;15;-5;0;good;0;;;;;;0;;0;0;good;;0;0;good;false;;;
EPI_ISL_192617|B/Maryland/12/2015|HA;Y3;0;good;16;0;0;0;5;0;0;0;0;0;C300T,T393G,T560A,A567G,A627G,C638T,A837G,T912C,A937G,G979A,C1069T,C1089T,G1254A,G1329A,T1413C,C1497T;;;;;C638T,T912C,C1069T,C1089T,T1413C,C1497T;0;0;6;6;;HA1:N116K,HA1:L172Q,HA1:T198I,HA1:K298E,HA1:E312K;;;;;;5201;0;1755;1;;;;;4;0;good;0;15;-5;0;good;0;;;;;;0;;0;0;good;;0;0;good;false;;;
EPI_ISL_196616|B/Maryland/12/2015|HA;Y3;0;good;16;0;0;0;5;0;0;0;0;0;C300T,T393G,T560A,A567G,A627G,C638T,A837G,T912C,A937G,G979A,C1069T,C1089T,G1254A,G1329A,T1413C,C1497T;;;;;C638T,T912C,C1069T,C1089T,T1413C,C1497T;0;0;6;6;;HA1:N116K,HA1:L172Q,HA1:T198I,HA1:K298E,HA1:E312K;;;;;;5201;0;1755;1;;;;;4;0;good;0;15;-5;0;good;0;;;;;;0;;0;0;good;;0;0;good;false;;;
EPI_ISL_192618|B/Maryland/12/2015|HA;Y3;0;good;15;0;0;0;4;0;0;0;0;0;C300T,T393G,T560A,A567G,A627G,A837G,T912C,A937G,G979A,C1069T,C1089T,G1254A,G1329A,T1413C,C1497T;;;;;T912C,C1069T,C1089T,T1413C,C1497T;0;0;5;5;;HA1:N116K,HA1:L172Q,HA1:K298E,HA1:E312K;;;;;;5205;0;1755;1;;;;;4;0;good;0;15;-5;0;good;0;;;;;;0;;0;0;good;;0;0;good;false;;;
EPI_ISL_157838|B/Maryland/03/2014|HA;Y3;0;good;14;0;0;0;4;0;0;0;0;0;G132A,G141A,C300T,C357T,T393G,A567G,A627G,A837G,A937G,G979A,A1076G,T1246C,G1254A,G1329A;;;A560T;;G132A,G141A,C357T,A1076G,T1246C;1;0;5;6;;HA1:N116K,HA1:K298E,HA1:E312K,HA1:K344R;;;;;;5209;0;1755;1;;;;;4;0;good;0;15;-5;0;good;0;;;;;;0;;0;0;good;;0;0;good;false;;;
EPI_ISL_159056|B/Maryland/04/2014|HA;Y3;0;good;14;0;0;0;4;0;0;0;0;0;G132A,G141A,C300T,C357T,T393G,A567G,A627G,A837G,A937G,G979A,A1076G,T1246C,G1254A,G1329A;;;A560T;;G132A,G141A,C357T,A1076G,T1246C;1;0;5;6;;HA1:N116K,HA1:K298E,HA1:E312K,HA1:K344R;;;;;;5209;0;1755;1;;;;;4;0;good;0;15;-5;0;good;0;;;;;;0;;0;0;good;;0;0;good;false;;;
EPI_ISL_159692|B/Maryland/05/2014|HA;Y3;0;good;14;0;0;0;4;0;0;0;0;0;G132A,G141A,C300T,C357T,T393G,A567G,A627G,A837G,A937G,G979A,A1076G,T1246C,G1254A,G1329A;;;A560T;;G132A,G141A,C357T,A1076G,T1246C;1;0;5;6;;HA1:N116K,HA1:K298E,HA1:E312K,HA1:K344R;;;;;;5209;0;1755;1;;;;;4;0;good;0;15;-5;0;good;0;;;;;;0;;0;0;good;;0;0;good;false;;;
EPI_ISL_158694|B/Maryland/02/2014|HA;Y3;0;good;15;0;0;0;4;0;0;0;0;0;G132A,G141A,T237C,C300T,C357T,T393G,A567G,A627G,A837G,A937G,G979A,A1076G,T1246C,G1254A,G1329A;;;A560T;;G132A,G141A,T237C,C357T,A1076G,T1246C;1;0;6;7;;HA1:N116K,HA1:K298E,HA1:E312K,HA1:K344R;;;;;;5205;0;1755;1;;;;;4;0;good;0;15;-5;0;good;0;;;;;;0;;0;0;good;;0;0;good;false;;;
EPI_ISL_193275|B/Maryland/20/2015|HA;Y3;0;good;15;0;0;0;4;0;0;0;0;0;G246A,C300T,T393G,T560A,A567G,A627G,A747G,A837G,A937G,C960T,G979A,A1044G,G1254A,G1329A,A1332G;;;;;G246A,A747G,C960T,A1044G,A1332G;0;0;5;5;;HA1:N116K,HA1:L172Q,HA1:K298E,HA1:E312K;;;;;;5205;0;1755;1;;;;;4;0;good;0;15;-5;0;good;0;;;;;;0;;0;0;good;;0;0;good;false;;;
EPI_ISL_194876|B/Maryland/24/2015|HA;Y3;0;good;15;0;0;0;5;0;0;0;0;0;C300T,T315C,T375C,T393G,T560A,A567G,A627G,A796G,A837G,A937G,G979A,G1254A,G1329A,T1356C,T1554C;;;;;T375C;0;0;1;1;;HA1:N116K,HA1:L172Q,HA1:M251V,HA1:K298E,HA1:E312K;;;;;;5205;0;1755;1;;;;;4;0;good;0;15;-5;0;good;0;;;;;;0;;0;0;good;;0;0;good;false;;;
EPI_ISL_225193|B/Maryland/06/2016|HA;Y3;0;good;14;0;98;0;6;0;0;0;0;0;G251T,C300T,T315C,T393G,T560A,A567G,A796G,A837G,A937G,G979A,G1254A,G1329A,T1356C,T1554C;;0:ATTTTCTAATATCCACAAA,1755:GGAAGGTTAGGCCTTGTATTTTCCTTTATTGTAGTGCTTGTTTGCTTGTCATCATTACAAAGAAACGTTATTGAAAAAT;G627A;;;1;0;0;1;;HA1:R69M,HA1:N116K,HA1:L172Q,HA1:M251V,HA1:K298E,HA1:E312K;;;;;;5209;0;1755;1;;;;;4;0;good;0;15;-5;0;good;0;;;;;;0;;0;0;good;;0;0;good;false;;;
EPI_ISL_195507|B/Maryland/16/2015|HA;Y3;0;good;14;0;0;0;5;0;0;0;0;0;C300T,T393G,T560A,A567G,A627G,A796G,A837G,A937G,G979A,T1215C,G1254A,G1329A,T1356C,C1746T;;;;;;0;0;0;0;;HA1:N116K,HA1:L172Q,HA1:M251V,HA1:K298E,HA1:E312K;;;;;;5209;0;1755;1;;;;;4;0;good;0;15;-5;0;good;0;;;;;;0;;0;0;good;;0;0;good;false;;;
EPI_ISL_194877|B/Maryland/25/2015|HA;Y3;0;good;14;0;0;0;4;0;0;0;0;0;C300T,T393G,T560A,A567G,A627G,A837G,A937G,G979A,T1053C,G1083A,G1254A,G1329A,A1428G,T1675C;;;;;T1053C,G1083A,A1428G,T1675C;0;0;4;4;;HA1:N116K,HA1:L172Q,HA1:K298E,HA1:E312K;;;;;;5209;0;1755;1;;;;;4;0;good;0;15;-5;0;good;0;;;;;;0;;0;0;good;;0;0;good;false;;;
EPI_ISL_193656|B/Maryland/23/2015|HA;Y3;0;good;14;0;0;0;4;0;0;0;0;0;A36G,C300T,T393G,T560A,A567G,A627G,A837G,A937G,G979A,T1072C,G1254A,G1329A,A1332G,T1713C;;;;;A36G,T1072C,A1332G,T1713C;0;0;4;4;;HA1:N116K,HA1:L172Q,HA1:K298E,HA1:E312K;;;;;;5209;0;1755;1;;;;;4;0;good;0;15;-5;0;good;0;;;;;;0;;0;0;good;;0;0;good;false;;;
EPI_ISL_173784|B/Maryland/19/2014|HA;Y3;0;good;13;0;0;0;6;0;0;0;0;0;C300T,A379C,T393G,T560A,A567G,A627G,A837G,A937G,G979A,G1254A,G1286A,A1306C,G1329A;;;;;A379C,G1286A,A1306C;0;0;3;3;;HA1:N116K,HA1:L172Q,HA1:K298E,HA1:E312K,HA2:G68D,HA2:N75H;;;;;;5213;0;1755;1;;;;;4;0;good;0;15;-5;0;good;0;;;;;;0;;0;0;good;;0;0;good;false;;;
EPI_ISL_155567|B/Maryland/05/2013|HA;Y3;0;good;10;0;0;0;3;0;0;0;0;0;C300T,T393G,A567G,A627G,A708G,A837G,A937G,G979A,G1254A,G1329A;;;A560T;;A708G;1;0;1;2;;HA1:N116K,HA1:K298E,HA1:E312K;;;;;;5225;0;1755;1;;;;;4;0;good;0;15;-5;0;good;0;;;;;;0;;0;0;good;;0;0;good;false;;;
EPI_ISL_155569|B/Maryland/06/2013|HA;Y3;0;good;10;0;0;0;3;0;0;0;0;0;C300T,T393G,A567G,A627G,A708G,A837G,A937G,G979A,G1254A,G1329A;;;A560T;;A708G;1;0;1;2;;HA1:N116K,HA1:K298E,HA1:E312K;;;;;;5225;0;1755;1;;;;;4;0;good;0;15;-5;0;good;0;;;;;;0;;0;0;good;;0;0;good;false;;;
EPI_ISL_165847|B/Maryland/12/2014|HA;Y3;0;good;11;0;0;0;4;0;0;0;0;0;C300T,T393G,C480T,T560A,A567G,A627G,A837G,A937G,G979A,G1254A,G1329A;;;;;C480T;0;0;1;1;;HA1:N116K,HA1:L172Q,HA1:K298E,HA1:E312K;;;;;;5221;0;1755;1;;;;;4;0;good;0;15;-5;0;good;0;;;;;;0;;0;0;good;;0;0;good;false;;;
EPI_ISL_172668|B/Maryland/18/2014|HA;Y3;0;good;11;0;0;0;5;0;0;0;0;0;C300T,T393G,T560A,A567G,A627G,G798A,A837G,A937G,G979A,G1254A,G1329A;;;;;G798A;0;0;1;1;;HA1:N116K,HA1:L172Q,HA1:M251I,HA1:K298E,HA1:E312K;;;;;;5221;0;1755;1;;;;;4;0;good;0;15;-5;0;good;0;;;;;;0;;0;0;good;;0;0;good;false;;;
EPI_ISL_197432|B/Maryland/22/2015|HA;Y3;0;good;11;0;0;0;4;0;0;0;0;0;C300T,T393G,T560A,A567G,A627G,A759G,A837G,A937G,G979A,G1254A,G1329A;;;;;A759G;0;0;1;1;;HA1:N116K,HA1:L172Q,HA1:K298E,HA1:E312K;;;;;;5221;0;1755;1;;;;;4;0;good;0;15;-5;0;good;0;;;;;;0;;0;0;good;;0;0;good;false;;;
EPI_ISL_409332|B/Maryland/32/2019|HA;Y3;0;good;34;0;98;0;8;0;0;0;0;0;T48C,G188A,C300T,G360A,T393G,G481A,C495T,T501C,C525T,A528G,T560A,A567G,T582C,C621T,A627G,T693C,A702G,A708T,G739A,A796G,A837G,A937G,G979A,G1077A,G1200A,T1221C,G1254A,C1317T,G1329A,T1341C,C1419T,T1437C,C1497T,T1587C;;0:ATTTTCTAATATCCACAAA,1755:GGAAGGTTAGGCCTTGTATTTTCCTTTATTGTAGTGCTTGTTTGCTTGTCATCATTACAAAGAAACGTTATTGAAAAAT;;;;0;0;0;0;;HA1:R48K,HA1:N116K,HA1:A146T,HA1:L172Q,HA1:D232N,HA1:M251V,HA1:K298E,HA1:E312K;;;;;;5129;0;1755;1;;;;;4;0;good;0;15;-5;0;good;0;;;;;;0;;0;0;good;;0;0;good;false;;;
EPI_ISL_413398|B/Maryland/32/2019|HA;Y3;0;good;34;0;98;0;8;0;0;0;0;0;T48C,G188A,C300T,G360A,T393G,G481A,C495T,T501C,C525T,A528G,T560A,A567G,T582C,C621T,A627G,T693C,A702G,A708T,G739A,A796G,A837G,A937G,G979A,G1077A,G1200A,T1221C,G1254A,C1317T,G1329A,T1341C,C1419T,T1437C,C1497T,T1587C;;0:ATTTTCTAATATCCACAAA,1755:GGAAGGTTAGGCCTTGTATTTTCCTTTATTGTAGTGCTTGTTTGCTTGTCATCATTACAAAGAAACGTTATTGAAAAAT;;;;0;0;0;0;;HA1:R48K,HA1:N116K,HA1:A146T,HA1:L172Q,HA1:D232N,HA1:M251V,HA1:K298E,HA1:E312K;;;;;;5129;0;1755;1;;;;;4;0;good;0;15;-5;0;good;0;;;;;;0;;0;0;good;;0;0;good;false;;;
EPI_ISL_428239|B/Maryland/13/2020|HA;Y3;0;good;34;0;98;0;7;0;0;0;0;0;T48C,G188A,C300T,T315C,G360A,T393G,C495T,T501C,C525T,A528G,T560A,A567G,T582C,C621T,A627G,T693C,A702G,A708T,G739A,A796G,A837G,A937G,G979A,G1077A,G1200A,T1221C,G1254A,C1317T,G1329A,T1341C,C1419T,T1437C,C1497T,T1587C;;0:ATTTTCTAATATCCACAAA,1755:GGAAGGTTAGGCCTTGTATTTTCCTTTATTGTAGTGCTTGTTTGCTTGTCATCATTACAAAGAAACGTTATTGAAAAAT;;;;0;0;0;0;;HA1:R48K,HA1:N116K,HA1:L172Q,HA1:D232N,HA1:M251V,HA1:K298E,HA1:E312K;;;;;;5129;0;1755;1;;;;;4;0;good;0;15;-5;0;good;0;;;;;;0;;0;0;good;;0;0;good;false;;;
EPI_ISL_428244|B/Maryland/13/2020|HA;Y3;0;good;34;0;98;0;7;0;0;0;0;0;T48C,G188A,C300T,T315C,G360A,T393G,C495T,T501C,C525T,A528G,T560A,A567G,T582C,C621T,A627G,T693C,A702G,A708T,G739A,A796G,A837G,A937G,G979A,G1077A,G1200A,T1221C,G1254A,C1317T,G1329A,T1341C,C1419T,T1437C,C1497T,T1587C;;0:ATTTTCTAATATCCACAAA,1755:GGAAGGTTAGGCCTTGTATTTTCCTTTATTGTAGTGCTTGTTTGCTTGTCATCATTACAAAGAAACGTTATTGAAAAAT;;;;0;0;0;0;;HA1:R48K,HA1:N116K,HA1:L172Q,HA1:D232N,HA1:M251V,HA1:K298E,HA1:E312K;;;;;;5129;0;1755;1;;;;;4;0;good;0;15;-5;0;good;0;;;;;;0;;0;0;good;;0;0;good;false;;;
EPI_ISL_413820|B/Maryland/09/2020|HA;Y3;0;good;36;0;98;0;8;0;0;0;0;0;A13G,T48C,G188A,C300T,G360A,T393G,C495T,T501C,C525T,A528G,T560A,A567G,T582C,C600T,C621T,A627G,T693C,A702G,A708T,C729T,G739A,A796G,A837G,A937G,G979A,G1077A,G1200A,T1221C,G1254A,C1317T,G1329A,T1341C,C1419T,T1437C,C1497T,T1587C;;0:ATTTTCTAATATCCACAAA,1755:GGAAGGTTAGGCCTTGTATTTTCCTTTATTGTAGTGCTTGTTTGCTTGTCATCATTACAAAGAAACGTTATTGAAAAAT;;;;0;0;0;0;;HA1:R48K,HA1:N116K,HA1:L172Q,HA1:D232N,HA1:M251V,HA1:K298E,HA1:E312K,SigPep:I5V;;;;;;5121;0;1755;1;;;;;4;0;good;0;15;-5;0;good;0;;;;;;0;;0;0;good;;0;0;good;false;;;
EPI_ISL_415893|B/Maryland/09/2020|HA;Y3;0;good;36;0;98;0;8;0;0;0;0;0;A13G,T48C,G188A,C300T,G360A,T393G,C495T,T501C,C525T,A528G,T560A,A567G,T582C,C600T,C621T,A627G,T693C,A702G,A708T,C729T,G739A,A796G,A837G,A937G,G979A,G1077A,G1200A,T1221C,G1254A,C1317T,G1329A,T1341C,C1419T,T1437C,C1497T,T1587C;;0:ATTTTCTAATATCCACAAA,1755:GGAAGGTTAGGCCTTGTATTTTCCTTTATTGTAGTGCTTGTTTGCTTGTCATCATTACAAAGAAACGTTATTGAAAAAT;;;;0;0;0;0;;HA1:R48K,HA1:N116K,HA1:L172Q,HA1:D232N,HA1:M251V,HA1:K298E,HA1:E312K,SigPep:I5V;;;;;;5121;0;1755;1;;;;;4;0;good;0;15;-5;0;good;0;;;;;;0;;0;0;good;;0;0;good;false;;;
EPI_ISL_354377|B/Maryland/09/2019|HA;Y3;0;good;38;0;98;0;7;0;0;0;0;0;T48C,T72C,A145G,T165C,C300T,G360A,C378T,T393G,C495T,C525T,A528G,T560A,A567G,T582C,C621T,A627G,T693C,A702G,G730A,A738G,A796G,A837G,G870A,A937G,G979A,C1038A,G1077A,T1173C,G1200A,T1221C,G1254A,A1314C,C1317T,G1329A,T1341C,C1395T,C1419T,T1587C;;0:ATTTTCTAATATCCACAAA,1755:GGAAGGTTAGGCCTTGTATTTTCCTTTATTGTAGTGCTTGTTTACTTGTCATCATTACAAAGAAACGTTATTGAAAAAT;;;;0;0;0;0;;HA1:T34A,HA1:N116K,HA1:L172Q,HA1:D229N,HA1:M251V,HA1:K298E,HA1:E312K;;;;;;5113;0;1755;1;;;;;4;0;good;0;15;-5;0;good;0;;;;;;0;;0;0;good;;0;0;good;false;;;
EPI_ISL_354378|B/Maryland/08/2019|HA;Y3;0;good;38;0;98;0;7;0;0;0;0;0;T48C,T72C,A145G,T165C,C300T,G360A,C378T,T393G,C495T,C525T,A528G,T560A,A567G,T582C,C621T,A627G,T693C,A702G,G730A,A738G,A796G,A837G,G870A,A937G,G979A,C1038A,G1077A,T1173C,G1200A,T1221C,G1254A,A1314C,C1317T,G1329A,T1341C,C1395T,C1419T,T1587C;;0:ATTTTCTAATATCCACAAA,1755:GGAAGGTTAGGCCTTGTATTTTCCTTTATTGTAGTGCTTGTTTACTTGTCATCATTACAAAGAAACGTTATTGAAAAAT;;;;0;0;0;0;;HA1:T34A,HA1:N116K,HA1:L172Q,HA1:D229N,HA1:M251V,HA1:K298E,HA1:E312K;;;;;;5113;0;1755;1;;;;;4;0;good;0;15;-5;0;good;0;;;;;;0;;0;0;good;;0;0;good;false;;;
EPI_ISL_362511|B/Maryland/16/2019|HA;Y3;0;good;40;0;98;0;8;0;0;0;0;0;G28T,T48C,T72C,A145G,T165C,C300T,G360A,C378T,T393G,C495T,C525T,A528G,T560A,A567G,T582C,C621T,A627G,T693C,A702G,G730A,A738G,A796G,A837G,G870A,A937G,G979A,C1038A,G1077A,T1173C,G1200A,T1221C,G1254A,A1314C,C1317T,G1329A,T1341C,C1395T,C1419T,A1491G,T1587C;;0:ATTTTCTAATATCCACAAA,1755:GGAAGGTTAGGCCTTGTATTTTCCTTTATTGTAGTGCTTGTTTACTTGTCATCATTACAAAGAAACGTTATTGAAAAAT;;;;0;0;0;0;;HA1:T34A,HA1:N116K,HA1:L172Q,HA1:D229N,HA1:M251V,HA1:K298E,HA1:E312K,SigPep:V10L;;;;;;5105;0;1755;1;;;;;4;0;good;0;15;-5;0;good;0;;;;;;0;;0;0;good;;0;0;good;false;;;
EPI_ISL_362513|B/Maryland/18/2019|HA;Y3;0;good;40;0;98;0;8;0;0;0;0;0;G28T,T48C,T72C,A145G,T165C,C300T,G360A,C378T,T393G,C495T,C525T,A528G,T560A,A567G,T582C,C621T,A627G,T693C,A702G,G730A,A738G,A796G,A837G,G870A,A937G,G979A,C1038A,G1077A,T1173C,G1200A,T1221C,G1254A,A1314C,C1317T,G1329A,T1341C,C1395T,C1419T,A1491G,T1587C;;0:ATTTTCTAATATCCACAAA,1755:GGAAGGTTAGGCCTTGTATTTTCCTTTATTGTAGTGCTTGTTTACTTGTCATCATTACAAAGAAACGTTATTGAAAAAT;;;;0;0;0;0;;HA1:T34A,HA1:N116K,HA1:L172Q,HA1:D229N,HA1:M251V,HA1:K298E,HA1:E312K,SigPep:V10L;;;;;;5105;0;1755;1;;;;;4;0;good;0;15;-5;0;good;0;;;;;;0;;0;0;good;;0;0;good;false;;;
EPI_ISL_364218|B/Maryland/21/2019|HA;Y3;0;good;35;0;98;0;8;0;0;0;0;0;T48C,T72C,T165C,C300T,G360A,T393G,C495T,C525T,A528G,T560A,A567G,T582C,C621T,A627G,T693C,A702G,G730A,A738G,A796G,A837G,A937G,G979A,G1077A,T1173C,G1200A,T1221C,G1254A,A1307G,C1315A,C1317T,G1329A,T1341C,C1395T,C1419T,T1587C;;0:ATTTTCTAATATCCACAAA,1755:GGAAGGTTAGGCCTTGTATTTTCCTTTATTGTAGTGCTTGTTTGCTTGTCATCATTACAAAGAAACGTTATTGAAAAAT;;;A1307G,C1315A;0;0;2;2;;HA1:N116K,HA1:L172Q,HA1:D229N,HA1:M251V,HA1:K298E,HA1:E312K,HA2:N75S,HA2:L78I;;;;;;5125;0;1755;1;;;;;4;0;good;0;15;-5;0;good;0;;;;;;0;;0;0;good;;0;0;good;false;;;
EPI_ISL_309116|B/Maryland/09/2018|HA;Y3;0;good;30;0;98;0;6;0;0;0;0;0;T48C,C300T,G360A,T393G,C495T,C525T,A528G,T560A,A567G,T582C,C621T,A627G,T693C,A702G,G730A,A738G,A796G,A837G,A937G,G979A,G1077A,T1161C,G1200A,T1221C,G1254A,C1317T,G1329A,T1341C,C1419T,T1587C;;0:ATTTTCTAATATCCACAAA,1755:GGAAGGTTAGGCCTTGTATTTTCCTTTATTGTGGTGCTTGTTTGCTTGTCATCATTACAAAGAAACGTTATTGAAAAAT;;;T1161C;0;0;1;1;;HA1:N116K,HA1:L172Q,HA1:D229N,HA1:M251V,HA1:K298E,HA1:E312K;;;;;;5145;0;1755;1;;;;;4;0;good;0;15;-5;0;good;0;;;;;;0;;0;0;good;;0;0;good;false;;;
B/Baltimore/R0250/2016_|_HA B/Yam - 140,515 reads from BR0250_S5_L001 mapped to B/Phuket/3073/2013_4 using Bowtie2;Y3;0;good;30;0;98;0;6;0;0;0;0;0;T48C,C300T,G360A,T393G,C495T,C525T,A528G,T560A,A567G,T582C,C621T,A627G,T693C,A702G,G730A,A738G,A796G,A837G,A937G,G979A,G1077A,T1161C,G1200A,T1221C,G1254A,C1317T,G1329A,T1341C,C1419T,T1587C;;0:ATTTTCTAATATCCACAAA,1755:GGAAGGTTAGGCCTTGTATTTTCCTTTATTGTGGTGCTTGTTTGCTTGTCATCATTACAAAGAAACGTTATTGAAAWWY;;;T1161C;0;0;1;1;;HA1:N116K,HA1:L172Q,HA1:D229N,HA1:M251V,HA1:K298E,HA1:E312K;;;;;;5145;0;1755;1;;;;;4;0;good;0;15;-5;0;good;0;;;;;;0;;0;0;good;;0;0;good;false;;;
EPI_ISL_428238|B/Maryland/14/2020|HA;Y3;0;good;33;0;98;0;7;0;0;0;0;0;T48C,A291G,C300T,G360A,T387C,T393G,C495T,C525T,A528G,T560A,A567G,T582C,C621T,A627G,T693C,A702G,G739A,A796G,G809A,A837G,A894G,A937G,G979A,G1077A,G1200A,T1221C,G1254A,C1317T,G1329A,T1341C,C1419T,G1536A,T1587C;;0:ATTTTCTAATATCCACAAA,1755:GGAAGGTTAGGCCTTGTATTTTCCTTTATTGTAGTGCTTGTTTGCTTGTCATCATTACAAAGAAACGTTATTGAAAAAT;;;;0;0;0;0;;HA1:N116K,HA1:L172Q,HA1:D232N,HA1:M251V,HA1:G255E,HA1:K298E,HA1:E312K;;;;;;5133;0;1755;1;;;;;4;0;good;0;15;-5;0;good;0;;;;;;0;;0;0;good;;0;0;good;false;;;
EPI_ISL_428243|B/Maryland/14/2020|HA;Y3;0;good;33;0;98;0;7;0;0;0;0;0;T48C,A291G,C300T,G360A,T387C,T393G,C495T,C525T,A528G,T560A,A567G,T582C,C621T,A627G,T693C,A702G,G739A,A796G,G809A,A837G,A894G,A937G,G979A,G1077A,G1200A,T1221C,G1254A,C1317T,G1329A,T1341C,C1419T,G1536A,T1587C;;0:ATTTTCTAATATCCACAAA,1755:GGAAGGTTAGGCCTTGTATTTTCCTTTATTGTAGTGCTTGTTTGCTTGTCATCATTACAAAGAAACGTTATTGAAAAAT;;;;0;0;0;0;;HA1:N116K,HA1:L172Q,HA1:D232N,HA1:M251V,HA1:G255E,HA1:K298E,HA1:E312K;;;;;;5133;0;1755;1;;;;;4;0;good;0;15;-5;0;good;0;;;;;;0;;0;0;good;;0;0;good;false;;;
EPI_ISL_311584|B/Maryland/24/2018|HA;Y3;0;good;26;0;98;0;6;0;0;0;0;0;T48C,T257C,C300T,G360A,T393G,C495T,C525T,T560A,A567G,T582C,C621T,A627G,A702G,A796G,A837G,A937G,G979A,A987G,G1200A,T1221C,G1254A,C1317T,G1329A,T1341C,C1419T,T1587C;;0:ATTTTCTAATATCCACAAA,1755:GGAAGGTTAGGCCTTGTATTTTCCTTTATTGTAATGCTTGTTTGCTTGTCATCATTACAAAGAAACGTTATTGAAAAAT;;;A987G;0;0;1;1;;HA1:M71T,HA1:N116K,HA1:L172Q,HA1:M251V,HA1:K298E,HA1:E312K;;;;;;5161;0;1755;1;;;;;4;0;good;0;15;-5;0;good;0;;;;;;0;;0;0;good;;0;0;good;false;;;
EPI_ISL_304368|B/Maryland/03/2018|HA;Y3;0;good;32;0;98;0;7;0;0;0;0;0;T48C,G90A,C300T,G360A,T393G,C495T,C525T,A528G,T560A,A567G,T582C,C621T,A627G,T693C,A702G,G730A,A738G,A796G,A837G,A937G,G979A,G1077A,G1200A,T1221C,G1254A,G1266A,C1308A,C1317T,G1329A,T1341C,C1419T,T1587C;;0:ATTTTCTAATATCCACAAA,1755:GGAAAGTTAGGCCTTGTATTTTCCTTTATTGTAGTGCTTGTTTGCTTGTCATCATTACAAAGAAACGTTATTGAAAAAT;;;G90A,G1266A,C1308A;0;0;3;3;;HA1:N116K,HA1:L172Q,HA1:D229N,HA1:M251V,HA1:K298E,HA1:E312K,HA2:N75K;;;;;;5137;0;1755;1;;;;;4;0;good;0;15;-5;0;good;0;;;;;;0;;0;0;good;;0;0;good;false;;;
EPI_ISL_339815|B/Maryland/40/2018|HA;Y3;0;good;32;0;98;0;6;0;0;0;0;0;T48C,C213T,C300T,C306A,G360A,T393G,C495T,C525T,A528G,T560A,A567G,T582C,G618A,C621T,A627G,T693C,A702G,G730A,A738G,A796G,A837G,A937G,G979A,G1077A,G1200A,T1221C,G1254A,C1317T,G1329A,T1341C,C1419T,T1587C;;0:ATTTTCTAATATCCACAAA,1755:GGAAGGTTAGGCCTTGTATTTTCCTTTATTGTAGTGCTTGTTTGCTTGTCATCATTACAAAGAAACGTTATTGAAAAAT;;;C213T,C306A,G618A;0;0;3;3;;HA1:N116K,HA1:L172Q,HA1:D229N,HA1:M251V,HA1:K298E,HA1:E312K;;;;;;5137;0;1755;1;;;;;4;0;good;0;15;-5;0;good;0;;;;;;0;;0;0;good;;0;0;good;false;;;
EPI_ISL_307855|B/Maryland/07/2018|HA;Y3;0;good;30;0;98;0;4;0;0;0;0;0;T48C,C222T,C300T,G360A,T393G,C495T,C525T,A528G,C540T,T560A,A567G,T582C,C621T,A627G,T693C,A702G,A837G,A937G,A951G,G979A,G1077A,G1200A,T1221C,G1254A,C1317T,G1329A,T1341C,C1419T,A1530G,T1587C;;0:ATTTTCTAATATCCACAAA,1755:GGAAGGTTAGGCCTTGTATTTTCCTTTATTGTAGTGCTTGTTTGCTTGTCATCATTACAAAGAAACGTTATTGAAAAAT;G796A;;A1530G;1;0;1;2;;HA1:N116K,HA1:L172Q,HA1:K298E,HA1:E312K;;;;;;5145;0;1755;1;;;;;4;0;good;0;15;-5;0;good;0;;;;;;0;;0;0;good;;0;0;good;false;;;
EPI_ISL_333838|B/Maryland/33/2018|HA;Y3;0;good;29;0;98;0;6;0;0;0;0;0;T48C,G141A,C300T,G360A,T393G,C495T,C525T,A528G,T560A,A567G,T582C,C621T,A627G,T693C,A702G,G739A,A796G,A837G,A937G,G979A,G1077A,G1200A,T1221C,G1254A,C1317T,G1329A,T1341C,C1419T,T1587C;;0:ATTTTCTAATATCCACAAA,1755:GGAAGGTTAGGCCTTGTATTTTCCTTTATTGTAGTGCTTGTTTGCTTGTCATCATTACAAAGAAACGTTATTGAAAAAT;;;G141A;0;0;1;1;;HA1:N116K,HA1:L172Q,HA1:D232N,HA1:M251V,HA1:K298E,HA1:E312K;;;;;;5149;0;1755;1;;;;;4;0;good;0;15;-5;0;good;0;;;;;;0;;0;0;good;;0;0;good;false;;;
EPI_ISL_303052|B/Maryland/01/2018|HA;Y3;0;good;26;0;98;0;5;0;0;0;0;0;T48C,C300T,G360A,T393G,C495T,C525T,A528G,T560A,T582C,C621T,A627G,T693C,A702G,A796G,A837G,A937G,G979A,G1077A,G1200A,T1221C,G1254A,C1317T,G1329A,T1341C,C1419T,T1587C;;0:ATTTTCTAATATCCACAAA,1755:GGAAGGTTAGGCCTTGTATTTTCCTTTATTGTAGTGCTTGTTTGCTTGTCATCATTACAAAGAAACGTTATTGAAAAAT;G567A;;;1;0;0;1;;HA1:N116K,HA1:L172Q,HA1:M251V,HA1:K298E,HA1:E312K;;;;;;5161;0;1755;1;;;;;4;0;good;0;15;-5;0;good;0;;;;;;0;;0;0;good;;0;0;good;false;;;
EPI_ISL_303053|B/Maryland/02/2018|HA;Y3;0;good;28;0;98;0;5;0;0;0;0;0;T48C,C300T,G360A,T393G,C495T,C525T,A528G,T560A,A567G,T582C,C621T,A627G,T693C,A702G,A796G,G810T,A837G,A937G,G979A,G1077A,G1200A,T1221C,G1254A,C1317T,G1329A,T1341C,C1419T,T1587C;;0:ATTTTCTAATATCCACAAA,1755:GGAAGGTTAGGCCTTGTATTTTCCTTTATTGTAGTGCTTGTTTGCTTGTCATCATTACAAAGAAACGTTATTGAAAAAT;;;;0;0;0;0;;HA1:N116K,HA1:L172Q,HA1:M251V,HA1:K298E,HA1:E312K;;;;;;5153;0;1755;1;;;;;4;0;good;0;15;-5;0;good;0;;;;;;0;;0;0;good;;0;0;good;false;;;
EPI_ISL_288572|B/Maryland/43/2017|HA;Y3;0;good;27;0;98;0;5;0;0;0;0;0;T48C,C300T,G360A,T393G,C495T,C525T,A528G,T560A,A567G,T582C,C621T,A627G,T693C,A702G,A796G,A837G,A937G,G979A,G1077A,G1200A,T1221C,G1254A,C1317T,G1329A,T1341C,C1419T,T1587C;;0:ATTTTCTAATATCCACAAA,1755:GGAAGGTTAGGCCTTGTATTTTCCTTTATTGTAGTGCTTGTTTGCTTGTCATCATTACAAAGAAACGTTATTGAAAAAT;;;;0;0;0;0;;HA1:N116K,HA1:L172Q,HA1:M251V,HA1:K298E,HA1:E312K;;;;;;5157;0;1755;1;;;;;4;0;good;0;15;-5;0;good;0;;;;;;0;;0;0;good;;0;0;good;false;;;
EPI_ISL_292769|B/Maryland/43/2017|HA;Y3;0;good;27;0;98;0;5;0;0;0;0;0;T48C,C300T,G360A,T393G,C495T,C525T,A528G,T560A,A567G,T582C,C621T,A627G,T693C,A702G,A796G,A837G,A937G,G979A,G1077A,G1200A,T1221C,G1254A,C1317T,G1329A,T1341C,C1419T,T1587C;;0:ATTTTCTAATATCCACAAA,1755:GGAAGGTTAGGCCTTGTATTTTCCTTTATTGTAGTGCTTGTTTGCTTGTCATCATTACAAAGAAACGTTATTGAAAAAT;;;;0;0;0;0;;HA1:N116K,HA1:L172Q,HA1:M251V,HA1:K298E,HA1:E312K;;;;;;5157;0;1755;1;;;;;4;0;good;0;15;-5;0;good;0;;;;;;0;;0;0;good;;0;0;good;false;;;
EPI_ISL_290825|B/Maryland/45/2017|HA;Y3;0;good;28;0;98;0;5;0;0;0;0;0;T48C,C300T,G360A,T393G,C495T,C525T,A528G,C540T,T560A,A567G,T582C,C621T,A627G,T693C,A702G,A796G,A837G,A937G,G979A,G1077A,G1200A,T1221C,G1254A,C1317T,G1329A,T1341C,C1419T,T1587C;;0:ATTTTCTAATATCCACAAA,1755:GGAAGGTTAGGCCTTGTATTTTCCTTTATTGTAGTGCTTGTTTGCTTGTCATCATTACAAAGAAACGTTATTGAAAAAT;;;;0;0;0;0;;HA1:N116K,HA1:L172Q,HA1:M251V,HA1:K298E,HA1:E312K;;;;;;5153;0;1755;1;;;;;4;0;good;0;15;-5;0;good;0;;;;;;0;;0;0;good;;0;0;good;false;;;
EPI_ISL_296270|B/Maryland/45/2017|HA;Y3;0;good;28;0;98;0;5;0;0;0;0;0;T48C,C300T,G360A,T393G,C495T,C525T,A528G,C540T,T560A,A567G,T582C,C621T,A627G,T693C,A702G,A796G,A837G,A937G,G979A,G1077A,G1200A,T1221C,G1254A,C1317T,G1329A,T1341C,C1419T,T1587C;;0:ATTTTCTAATATCCACAAA,1755:GGAAGGTTAGGCCTTGTATTTTCCTTTATTGTAGTGCTTGTTTGCTTGTCATCATTACAAAGAAACGTTATTGAAAAAT;;;;0;0;0;0;;HA1:N116K,HA1:L172Q,HA1:M251V,HA1:K298E,HA1:E312K;;;;;;5153;0;1755;1;;;;;4;0;good;0;15;-5;0;good;0;;;;;;0;;0;0;good;;0;0;good;false;;;
EPI_ISL_307792|B/Maryland/18/2018|HA;Y3;0;good;28;0;98;0;5;0;0;0;0;0;T48C,C300T,G360A,T393G,C495T,C525T,A528G,C540T,T560A,A567G,T582C,C621T,A627G,T693C,A702G,A796G,A837G,A937G,G979A,G1077A,G1200A,T1221C,G1254A,C1317T,G1329A,T1341C,C1419T,T1587C;;0:ATTTTCTAATATCCACAAA,1755:GGAAGGTTAGGCCTTGTATTTTCCTTTATTGTAGTGCTTGTTTGCTTGTCATCATTACAAAGAAACGTTATTGAAAAAT;;;;0;0;0;0;;HA1:N116K,HA1:L172Q,HA1:M251V,HA1:K298E,HA1:E312K;;;;;;5153;0;1755;1;;;;;4;0;good;0;15;-5;0;good;0;;;;;;0;;0;0;good;;0;0;good;false;;;
EPI_ISL_290824|B/Maryland/44/2017|HA;Y3;0;good;24;0;98;0;5;0;0;0;0;0;G111A,C232T,C300T,G360A,T393G,C495T,C525T,C534T,T560A,A567G,A627G,G678A,A702G,A759G,A796G,A837G,A937G,G979A,C1038T,G1254A,G1329A,T1341C,C1419T,T1587C;;0:ATTTTCTAATATCCACAAA,1755:GGAAGGTTAGGCCTTGTATTTTCCTTTATTGTAGTGCTTGTTTGCTTGTCATCATTACAAAGAAACGTTATTGAAAAAT;;;;0;0;0;0;;HA1:N116K,HA1:L172Q,HA1:M251V,HA1:K298E,HA1:E312K;;;;;;5169;0;1755;1;;;;;4;0;good;0;15;-5;0;good;0;;;;;;0;;0;0;good;;0;0;good;false;;;
EPI_ISL_259779|B/Maryland/08/2017|HA;Y3;0;good;25;0;95;0;5;0;0;0;0;0;C300T,T330C,G360A,T393G,C495T,C525T,T560A,A567G,A627G,C633T,A702G,A759G,A796G,A888G,A937G,G979A,C1038T,C1111T,G1254A,G1329A,T1341C,C1419T,T1542A,T1587C,A1737C;;0:TTCTAATATCCACAAA,1755:GGAAGGTTAGGCCTTGTATTTTCCTTTATTGTAGTGCTTGTTTGCTTGTCATCATTACAAAGAAACGTTATTGAAAAAT;G837A;;A888G,C1111T,T1542A,A1737C;1;0;4;5;;HA1:N116K,HA1:L172Q,HA1:M251V,HA1:K298E,HA1:E312K;;;;;;5165;0;1755;1;;;;;4;0;good;0;15;-5;0;good;0;;;;;;0;;0;0;good;;0;0;good;false;;;
EPI_ISL_262831|B/Maryland/08/2017|HA;Y3;0;good;25;0;98;0;5;0;0;0;0;0;C300T,T330C,G360A,T393G,C495T,C525T,T560A,A567G,A627G,C633T,A702G,A759G,A796G,A888G,A937G,G979A,C1038T,C1111T,G1254A,G1329A,T1341C,C1419T,T1542A,T1587C,A1737C;;0:ATTTTCTAATATCCACAAA,1755:GGAAGGTTAGGCCTTGTATTTTCCTTTATTGTAGTGCTTGTTTGCTTGTCATCATTACAAAGAAACGTTATTGAAAAAT;G837A;;A888G,C1111T,T1542A,A1737C;1;0;4;5;;HA1:N116K,HA1:L172Q,HA1:M251V,HA1:K298E,HA1:E312K;;;;;;5165;0;1755;1;;;;;4;0;good;0;15;-5;0;good;0;;;;;;0;;0;0;good;;0;0;good;false;;;
EPI_ISL_264115|B/Maryland/18/2017|HA;Y3;0;good;24;0;98;0;5;0;0;0;0;0;C300T,T330C,G360A,T393G,G399A,C495T,C525T,T560A,A567G,A627G,C633T,A702G,A759G,A796G,A837G,T873C,A937G,G979A,C1038T,G1254A,G1329A,T1341C,C1419T,T1587C;;0:ATTTTCTAATATCCACAAA,1755:GGAAGGTTAGGCCTTGTATTTTCCTTTATTGTAGTGCTTGTTTGCTTGTCATCATTACAAAGAAACGTTATTGAAAAAT;;;G399A,T873C;0;0;2;2;;HA1:N116K,HA1:L172Q,HA1:M251V,HA1:K298E,HA1:E312K;;;;;;5169;0;1755;1;;;;;4;0;good;0;15;-5;0;good;0;;;;;;0;;0;0;good;;0;0;good;false;;;
EPI_ISL_241652|B/Maryland/13/2016|HA;Y3;0;good;22;0;98;0;6;0;0;0;0;0;C300T,G360A,T393G,C495T,C525T,T560A,A567G,A627G,C633T,A702G,A759G,A796G,A837G,G849T,A937G,G979A,C1038T,G1254A,G1329A,T1341C,C1419T,T1587C;;0:ATTTTCTAATATCCACAAA,1755:GGAAGGTTAGGCCTTGTATTTTCCTTTATTGTAGTGCTTGTTTGCTTGTCATCATTACAAAGAAACGTTATTGAAAAAT;;;;0;0;0;0;;HA1:N116K,HA1:L172Q,HA1:M251V,HA1:L268F,HA1:K298E,HA1:E312K;;;;;;5177;0;1755;1;;;;;4;0;good;0;15;-5;0;good;0;;;;;;0;;0;0;good;;0;0;good;false;;;
EPI_ISL_262783|B/Maryland/15/2017|HA;Y3;0;good;23;0;98;0;6;0;0;0;0;0;C300T,T330C,G360A,T393G,C495T,C525T,T560A,A567G,A627G,C633T,A702G,A759G,A796G,A837G,A937G,G979A,C1038T,G1254A,G1329A,T1341C,C1419T,T1587C,G1732A;;0:ATTTTCTAATATCCACAAA,1755:GGAAGGTTAGGCCTTGTATTTTCCTTTATTGTAGTGCTTGTTTGCTTGTCATCATTACAAAGAAACGTTATTGAAAAAT;;;G1732A;0;0;1;1;;HA1:N116K,HA1:L172Q,HA1:M251V,HA1:K298E,HA1:E312K,HA2:V217I;;;;;;5173;0;1755;1;;;;;4;0;good;0;15;-5;0;good;0;;;;;;0;;0;0;good;;0;0;good;false;;;
EPI_ISL_247650|B/Maryland/02/2017|HA;Y3;0;good;22;0;98;0;5;0;0;0;0;0;C300T,T330C,G360A,T393G,C495T,C525T,T560A,A567G,A627G,C633T,A702G,A759G,A796G,A837G,A937G,G979A,C1038T,G1254A,G1329A,T1341C,C1419T,T1587C;;0:ATTTTCTAATATCCACAAA,1755:GGAAGGTTAGGCCTTGTATTTTCCTTTATTGTAGTGCTTGTTTGCTTGTCATCATTACAAAGAAACGTTATTGAAAAAT;;;;0;0;0;0;;HA1:N116K,HA1:L172Q,HA1:M251V,HA1:K298E,HA1:E312K;;;;;;5177;0;1755;1;;;;;4;0;good;0;15;-5;0;good;0;;;;;;0;;0;0;good;;0;0;good;false;;;
EPI_ISL_248975|B/Maryland/02/2017|HA;Y3;0;good;22;0;98;0;5;0;0;0;0;0;C300T,T330C,G360A,T393G,C495T,C525T,T560A,A567G,A627G,C633T,A702G,A759G,A796G,A837G,A937G,G979A,C1038T,G1254A,G1329A,T1341C,C1419T,T1587C;;0:ATTTTCTAATATCCACAAA,1755:GGAAGGTTAGGCCTTGTATTTTCCTTTATTGTAGTGCTTGTTTGCTTGTCATCATTACAAAGAAACGTTATTGAAAAAT;;;;0;0;0;0;;HA1:N116K,HA1:L172Q,HA1:M251V,HA1:K298E,HA1:E312K;;;;;;5177;0;1755;1;;;;;4;0;good;0;15;-5;0;good;0;;;;;;0;;0;0;good;;0;0;good;false;;;
EPI_ISL_258200|B/Maryland/05/2017|HA;Y3;0;good;22;0;98;0;5;0;0;0;0;0;C300T,T330C,G360A,T393G,C495T,C525T,T560A,A567G,A627G,C633T,A702G,A759G,A796G,A837G,A937G,G979A,C1038T,G1254A,G1329A,T1341C,C1419T,T1587C;;0:ATTTTCTAATATCCACAAA,1755:GGAAGGTTAGGCCTTGTATTTTCCTTTATTGTAGTGCTTGTTTGCTTGTCATCATTACAAAGAAACGTTATTGAAAAAT;;;;0;0;0;0;;HA1:N116K,HA1:L172Q,HA1:M251V,HA1:K298E,HA1:E312K;;;;;;5177;0;1755;1;;;;;4;0;good;0;15;-5;0;good;0;;;;;;0;;0;0;good;;0;0;good;false;;;
EPI_ISL_256824|B/Maryland/03/2017|HA;Y3;0;good;23;0;98;0;6;0;0;0;0;0;C300T,T330C,G360A,T393G,C495T,C525T,T560A,A567G,T577C,A627G,C633T,A702G,A759G,A796G,A837G,A937G,G979A,C1038T,G1254A,G1329A,T1341C,C1419T,T1587C;;0:ATTTTCTAATATCCACAAA,1755:GGAAGGTTAGGCCTTGTATTTTCCTTTATTGTAGTGCTTGTTTGCTTGTCATCATTACAAAGAAACGTTATTGAAAAAT;;;T577C;0;0;1;1;;HA1:N116K,HA1:L172Q,HA1:Y178H,HA1:M251V,HA1:K298E,HA1:E312K;;;;;;5173;0;1755;1;;;;;4;0;good;0;15;-5;0;good;0;;;;;;0;;0;0;good;;0;0;good;false;;;
EPI_ISL_257754|B/Maryland/03/2017|HA;Y3;0;good;23;0;98;0;6;0;0;0;0;0;C300T,T330C,G360A,T393G,C495T,C525T,T560A,A567G,T577C,A627G,C633T,A702G,A759G,A796G,A837G,A937G,G979A,C1038T,G1254A,G1329A,T1341C,C1419T,T1587C;;0:ATTTTCTAATATCCACAAA,1755:GGAAGGTTAGGCCTTGTATTTTCCTTTATTGTAGTGCTTGTTTGCTTGTCATCATTACAAAGAAACGTTATTGAAAAAT;;;T577C;0;0;1;1;;HA1:N116K,HA1:L172Q,HA1:Y178H,HA1:M251V,HA1:K298E,HA1:E312K;;;;;;5173;0;1755;1;;;;;4;0;good;0;15;-5;0;good;0;;;;;;0;;0;0;good;;0;0;good;false;;;
EPI_ISL_259778|B/Maryland/10/2017|HA;Y3;0;good;24;0;95;0;6;0;0;0;0;0;C300T,G360A,T393G,C495T,C525T,T560A,A567G,A627G,C633T,A702G,A759G,A796G,A837G,A937G,G979A,C1038T,G1077A,G1254A,G1329A,T1341C,C1395T,C1419T,T1587C,C1640T;;0:TTCTAATATCCACAAA,1755:GGAAGGTTAGGCCTTGTATTTTCCTTTATTGTAGTGCTTGTTTGCTTGTCATCATTACAAAGAAACGTTATTGAAAAAT;;;C1395T,C1640T;0;0;2;2;;HA1:N116K,HA1:L172Q,HA1:M251V,HA1:K298E,HA1:E312K,HA2:T186I;;;;;;5169;0;1755;1;;;;;4;0;good;0;15;-5;0;good;0;;;;;;0;;0;0;good;;0;0;good;false;;;
EPI_ISL_262833|B/Maryland/10/2017|HA;Y3;0;good;24;0;98;0;6;0;0;0;0;0;C300T,G360A,T393G,C495T,C525T,T560A,A567G,A627G,C633T,A702G,A759G,A796G,A837G,A937G,G979A,C1038T,G1077A,G1254A,G1329A,T1341C,C1395T,C1419T,T1587C,C1640T;;0:ATTTTCTAATATCCACAAA,1755:GGAAGGTTAGGCCTTGTATTTTCCTTTATTGTAGTGCTTGTTTGCTTGTCATCATTACAAAGAAACGTTATTGAAAAAT;;;C1395T,C1640T;0;0;2;2;;HA1:N116K,HA1:L172Q,HA1:M251V,HA1:K298E,HA1:E312K,HA2:T186I;;;;;;5169;0;1755;1;;;;;4;0;good;0;15;-5;0;good;0;;;;;;0;;0;0;good;;0;0;good;false;;;
EPI_ISL_259459|B/Maryland/07/2017|HA;Y3;0;good;23;0;98;0;6;0;0;0;0;0;C300T,G360A,T393G,C495T,C525T,T560A,A567G,A627G,C633T,A702G,A759G,A796G,A837G,A937G,G979A,C1038T,G1077A,G1254A,G1329A,T1341C,A1357G,C1419T,T1587C;;0:ATTTTCTAATATCCACAAA,1755:GGAAGGTTAGGCCTTGTATTTTCCTTTATTGTAGTGCTTGTTTGCTTGTCATCATTACAAAGAAACGTTATTGAAAAAT;;;A1357G;0;0;1;1;;HA1:N116K,HA1:L172Q,HA1:M251V,HA1:K298E,HA1:E312K,HA2:I92V;;;;;;5173;0;1755;1;;;;;4;0;good;0;15;-5;0;good;0;;;;;;0;;0;0;good;;0;0;good;false;;;
EPI_ISL_266624|B/Maryland/21/2017|HA;Y3;0;good;22;0;98;0;5;0;0;0;0;0;C300T,G360A,T393G,C495T,C525T,T560A,A567G,A627G,C633T,A702G,A759G,A796G,A837G,A937G,G979A,C1038T,G1077A,G1254A,G1329A,T1341C,C1419T,T1587C;;0:ATTTTCTAATATCCACAAA,1755:GGAAGGTTAGGCCTTGTATTTTCCTTTATTGTAGTGCTTGTTTGCTTGTCATCATTACAAAGAAACGTTATTGAAAAAT;;;;0;0;0;0;;HA1:N116K,HA1:L172Q,HA1:M251V,HA1:K298E,HA1:E312K;;;;;;5177;0;1755;1;;;;;4;0;good;0;15;-5;0;good;0;;;;;;0;;0;0;good;;0;0;good;false;;;
EPI_ISL_307790|B/Maryland/14/2018|HA;Y3;0;good;32;0;98;0;8;0;0;0;0;0;T48C,G132A,T257C,T288C,C300T,G360A,T393G,C495T,C525T,T560A,A567G,C621T,A627G,A667G,A702G,G730A,A796G,A837G,T912C,A937G,G979A,A1017G,G1200A,T1221C,G1254A,A1275G,C1317T,G1329A,T1341C,C1419T,G1431A,T1587C;;0:ATTTTCTAATATCCACAAA,1755:GGAAGGTTAGGCCTTGTATTTTCCTTTATTGTAGTGCTTGTTTGCTTGTCATCATTACAAAGAAACGTTATTGAAAAAT;;;T912C;0;0;1;1;;HA1:M71T,HA1:N116K,HA1:L172Q,HA1:N208D,HA1:D229N,HA1:M251V,HA1:K298E,HA1:E312K;;;;;;5137;0;1755;1;;;;;4;0;good;0;15;-5;0;good;0;;;;;;0;;0;0;good;;0;0;good;false;;;
EPI_ISL_307791|B/Maryland/15/2018|HA;Y3;0;good;32;0;98;0;8;0;0;0;0;0;T48C,G132A,T257C,T288C,C300T,G360A,T393G,C495T,C525T,T560A,A567G,C621T,A627G,A667G,A702G,G730A,A796G,A837G,T912C,A937G,G979A,A1017G,G1200A,T1221C,G1254A,A1275G,C1317T,G1329A,T1341C,C1419T,G1431A,T1587C;;0:ATTTTCTAATATCCACAAA,1755:GGAAGGTTAGGCCTTGTATTTTCCTTTATTGTAGTGCTTGTTTGCTTGTCATCATTACAAAGAAACGTTATTGAAAAAT;;;T912C;0;0;1;1;;HA1:M71T,HA1:N116K,HA1:L172Q,HA1:N208D,HA1:D229N,HA1:M251V,HA1:K298E,HA1:E312K;;;;;;5137;0;1755;1;;;;;4;0;good;0;15;-5;0;good;0;;;;;;0;;0;0;good;;0;0;good;false;;;
EPI_ISL_335715|B/Maryland/35/2018|HA;Y3;0;good;33;0;98;0;9;0;0;0;0;0;T48C,C101T,G132A,T257C,T288C,C300T,G360A,T393G,C495T,C525T,T560A,A567G,C621T,A627G,A667G,A702G,G730A,A796G,A837G,A937G,G979A,A1017G,C1092T,G1200A,T1221C,G1254A,A1275G,C1317T,G1329A,T1341C,C1419T,G1431A,T1587C;;0:ATTTTCTAATATCCACAAA,1755:GGAAGGTTAGGCCTTGTATTTTCCTTTATTGTAGTGCTTGTTTGCTTGTCATCATTACAAAGAAACGTTATTGAAAAAT;;;C101T,C1092T;0;0;2;2;;HA1:A19V,HA1:M71T,HA1:N116K,HA1:L172Q,HA1:N208D,HA1:D229N,HA1:M251V,HA1:K298E,HA1:E312K;;;;;;5133;0;1755;1;;;;;4;0;good;0;15;-5;0;good;0;;;;;;0;;0;0;good;;0;0;good;false;;;
EPI_ISL_307788|B/Maryland/16/2018|HA;Y3;0;good;29;0;98;0;6;0;0;0;0;0;T48C,T174C,C300T,G360A,T393G,C495T,C525T,T560A,A567G,A586G,T609A,C621T,A627G,A702G,A796G,A837G,G858A,T873C,T915C,A937G,G979A,G1200A,T1221C,G1254A,C1317T,G1329A,T1341C,C1419T,T1587C;;0:ATTTTCTAATATCCACAAA,1755:GGAAGGTTAGGCCTTGTATTTTCCTTTATTGTAGTGCTTGTTTGCTTGTCATCATTACAAAGAAACGTTATTGAAAAAT;;;T174C,G858A,T873C;0;0;3;3;;HA1:N116K,HA1:L172Q,HA1:T181A,HA1:M251V,HA1:K298E,HA1:E312K;;;;;;5149;0;1755;1;;;;;4;0;good;0;15;-5;0;good;0;;;;;;0;;0;0;good;;0;0;good;false;;;
EPI_ISL_267590|B/Maryland/41/2017|HA;Y3;0;good;27;0;98;0;5;0;0;0;0;0;T48C,C300T,C321A,G360A,A384G,T393G,C495T,C525T,T560A,A567G,C621T,A627G,A702G,A796G,A837G,A937G,C954T,G979A,C993A,A1068G,T1221C,G1254A,C1317A,G1329A,T1341C,C1419T,T1587C;;0:ATTTTCTAATATCCACAAA,1755:GGAAGGTTAGGCCTTGTATTTTCCTTTATTGTAGTGCTTGTTTGCTTGTCATCATTACAAAGAAACGTTATTGAAAAAT;G978A,A1593G;;C954T;2;0;1;3;;HA1:N116K,HA1:L172Q,HA1:M251V,HA1:K298E,HA1:E312K;;;;;;5157;0;1755;1;;;;;4;0;good;0;15;-5;0;good;0;;;;;;0;;0;0;good;;0;0;good;false;;;
EPI_ISL_364216|B/Maryland/20/2019|HA;Y3;0;good;31;0;98;0;6;0;0;0;0;0;T48C,T282C,C300T,G360A,T393G,C495T,C525T,T560A,A567G,C621T,A627G,A702G,G730A,A768G,C774T,A796G,A837G,A877C,A937G,C942T,G979A,G1200A,T1203C,T1221C,G1254A,C1317T,G1329A,A1332G,T1341C,C1419T,T1587C;;0:ATTTTCTAATATCCACAAA,1755:GGAAGATTAGGCCTCGTATTTTCCTTTATTGTAGTGCTTGTTTGCTTGTCATCATTACAAAGAAACGTTATTGAAAAAT;;;T282C,A768G,C774T;0;0;3;3;;HA1:N116K,HA1:L172Q,HA1:D229N,HA1:M251V,HA1:K298E,HA1:E312K;;;;;;5141;0;1755;1;;;;;4;0;good;0;15;-5;0;good;0;;;;;;0;;0;0;good;;0;0;good;false;;;
EPI_ISL_356331|B/Maryland/12/2019|HA;Y3;0;good;27;0;98;0;6;0;0;0;0;0;C300T,G360A,T393G,C495T,C525T,T560A,A567G,C621T,A627G,A702G,G730A,A796G,A837G,A877C,A937G,C942T,G979A,G1200A,T1203C,T1221C,G1254A,C1317T,G1329A,A1332G,T1341C,C1419T,T1587C;;0:ATTTTCTAATATCCACAAA,1755:GGAAGATTAGGCCTCGTATTTTCCTTTATTGTAGTGCTTGTTTGCTTGTCATCATTACAAAGAAACGTTATTGAAAAAT;C48T;;;1;0;0;1;;HA1:N116K,HA1:L172Q,HA1:D229N,HA1:M251V,HA1:K298E,HA1:E312K;;;;;;5157;0;1755;1;;;;;4;0;good;0;15;-5;0;good;0;;;;;;0;;0;0;good;;0;0;good;false;;;
EPI_ISL_356333|B/Maryland/13/2019|HA;Y3;0;good;30;0;98;0;6;0;0;0;0;0;T48C,C300T,G360A,T393G,C495T,C525T,T560A,A567G,C621T,A627G,A702G,G730A,A796G,A837G,A877C,A937G,C942T,G979A,G1200A,T1203C,T1221C,G1254A,C1317T,G1329A,A1332G,T1341C,C1419T,T1587C,A1614G,T1620C;;0:ATTTTCTAATATCCACAAA,1755:GGAAGATTAGGCCTCGTATTTTCCTTTATTGTAGTGCTTGTTTGCTTGTCATCATTACAAAGAAACGTTATTGAAAAAT;;;;0;0;0;0;;HA1:N116K,HA1:L172Q,HA1:D229N,HA1:M251V,HA1:K298E,HA1:E312K;;;;;;5145;0;1755;1;;;;;4;0;good;0;15;-5;0;good;0;;;;;;0;;0;0;good;;0;0;good;false;;;
EPI_ISL_400240|B/Maryland/25/2019|HA;Y3;0;good;32;0;98;0;6;0;0;0;0;0;T48C,T102C,C300T,G360A,T393G,C408T,C495T,C525T,T560A,A567G,A573G,C621T,A627G,A677G,A702G,A796G,A837G,A877C,A937G,C942T,G979A,A1068G,G1200A,T1221C,G1254A,C1317T,G1329A,T1341C,C1419T,A1539T,T1587C,A1683G;;0:ATTTTCTAATATCCACAAA,1755:GGAAGGTTAGGCCTCGTATTTTCCTTTATTGTAGTGCTTGTTTGCTTGTCATCATTACAAAGAAACGTTATTGAAAAAT;;;A573G;0;0;1;1;;HA1:N116K,HA1:L172Q,HA1:K211R,HA1:M251V,HA1:K298E,HA1:E312K;;;;;;5137;0;1755;1;;;;;4;0;good;0;15;-5;0;good;0;;;;;;0;;0;0;good;;0;0;good;false;;;
EPI_ISL_403058|B/Maryland/25/2019|HA;Y3;0;good;32;0;98;0;6;0;0;0;0;0;T48C,T102C,C300T,G360A,T393G,C408T,C495T,C525T,T560A,A567G,A573G,C621T,A627G,A677G,A702G,A796G,A837G,A877C,A937G,C942T,G979A,A1068G,G1200A,T1221C,G1254A,C1317T,G1329A,T1341C,C1419T,A1539T,T1587C,A1683G;;0:ATTTTCTAATATCCACAAA,1755:GGAAGGTTAGGCCTCGTATTTTCCTTTATTGTAGTGCTTGTTTGCTTGTCATCATTACAAAGAAACGTTATTGAAAAAT;;;A573G;0;0;1;1;;HA1:N116K,HA1:L172Q,HA1:K211R,HA1:M251V,HA1:K298E,HA1:E312K;;;;;;5137;0;1755;1;;;;;4;0;good;0;15;-5;0;good;0;;;;;;0;;0;0;good;;0;0;good;false;;;
EPI_ISL_264114|B/Maryland/17/2017|HA;Y3;0;good;26;0;98;0;5;0;0;0;0;0;T48C,C300T,G360A,T393G,C495T,C525T,T560A,A567G,C621T,A627G,A702G,A796G,A837G,A937G,G979A,A1182T,G1200A,T1221C,G1254A,C1317T,G1329A,T1341C,C1419T,G1431A,T1587C,T1704C;;0:ATTTTCTAATATCCACAAA,1755:GGAAGGTTAGGCCTTGTATTTTCCTTTATTGTAGTGCTTGTTTGCTTGTCATCATTACAAAGAAACGTTATTGAAAAAT;;;T1704C;0;0;1;1;;HA1:N116K,HA1:L172Q,HA1:M251V,HA1:K298E,HA1:E312K;;;;;;5161;0;1755;1;;;;;4;0;good;0;15;-5;0;good;0;;;;;;0;;0;0;good;;0;0;good;false;;;
EPI_ISL_313136|B/Maryland/26/2018|HA;Y3;0;good;30;0;98;0;5;0;0;0;0;0;T48C,T276C,C300T,G360A,A366G,T393G,A465G,C495T,C525T,T560A,A567G,C621T,A627G,A702G,A796G,A837G,A877C,A937G,C942T,G979A,G1200A,T1221C,G1254A,C1317T,G1329A,T1341C,C1419T,A1563G,T1569C,T1587C;;0:ATTTTCTAATATCCACAAA,1755:GGAAGGTTAGGCCTCGTATTTTCCTTTATTGTAGTGCTTGTTTGCTTGTCATCATTACAAAGAAACGTTATTGAAAAAT;;;T276C,A366G,A465G,A1563G,T1569C;0;0;5;5;;HA1:N116K,HA1:L172Q,HA1:M251V,HA1:K298E,HA1:E312K;;;;;;5145;0;1755;1;;;;;4;0;good;0;15;-5;0;good;0;;;;;;0;;0;0;good;;0;0;good;false;;;
EPI_ISL_295946|B/Maryland/47/2017|HA;Y3;0;good;29;0;98;0;5;0;0;0;0;0;T48C,T102C,C300T,G360A,T393G,C495T,C525T,T560A,A567G,C621T,A627G,A702G,A796G,A837G,A877C,A937G,C942T,G979A,G1200A,T1221C,G1254A,T1284C,C1317T,G1329A,T1341C,C1395T,C1419T,T1587C,C1731T;;0:ATTTTCTAATATCCACAGA,1755:GGAAGGTTAGGCCTCGTATTTTCCTTTATTGTAGTGCTTGTTTGCTTGTCATCATTACAAAGAAACGTTATTGAAAAAT;;;C1731T;0;0;1;1;;HA1:N116K,HA1:L172Q,HA1:M251V,HA1:K298E,HA1:E312K;;;;;;5149;0;1755;1;;;;;4;0;good;0;15;-5;0;good;0;;;;;;0;;0;0;good;;0;0;good;false;;;
EPI_ISL_309089|B/Maryland/20/2018|HA;Y3;0;good;29;0;98;0;5;0;0;0;0;0;T48C,T102C,C300T,G360A,T393G,C495T,C525T,T560A,A567G,C621T,A627G,A702G,A796G,A837G,A877C,A937G,C942T,G979A,G1200A,T1221C,G1254A,T1284C,C1317T,G1329A,T1341C,C1395T,C1419T,T1587C,C1731T;;0:ATTTTCTAATATCCACAGA,1755:GGAAGGTTAGGCCTCGTATTTTCCTTTATTGTAGTGCTTGTTTGCTTGTCATCATTACAAAGAAACGTTATTGAAAAAT;;;C1731T;0;0;1;1;;HA1:N116K,HA1:L172Q,HA1:M251V,HA1:K298E,HA1:E312K;;;;;;5149;0;1755;1;;;;;4;0;good;0;15;-5;0;good;0;;;;;;0;;0;0;good;;0;0;good;false;;;
EPI_ISL_307784|B/Maryland/12/2018|HA;Y3;0;good;27;0;98;0;5;0;0;0;0;0;T48C,G210A,C300T,G360A,T393G,C495T,C525T,T560A,A567G,C621T,A627G,A702G,A796G,A837G,A877C,A937G,C942T,G979A,G1200A,T1215C,T1221C,G1254A,C1317T,G1329A,T1341C,C1419T,T1587C;;0:ATTTTCTAATATCCACAAA,1755:GGAAGGTTAGGCCTCGTATTTTCCTTTATTGTAGTGCTTGTTTGCTTGTCATCATTACAAAGAAACGTTATTGAAAAAT;;;T1215C;0;0;1;1;;HA1:N116K,HA1:L172Q,HA1:M251V,HA1:K298E,HA1:E312K;;;;;;5157;0;1755;1;;;;;4;0;good;0;15;-5;0;good;0;;;;;;0;;0;0;good;;0;0;good;false;;;
B/Baltimore/R0337/2016_|_HA;Y3;6.250000;good;27;0;98;0;5;0;0;0;1;0;T48C,G210A,C300T,G360A,T393G,C495T,C525T,T560A,A567G,C621T,A627G,A702G,A796G,A837G,A877C,A937G,C942T,G979A,G1200A,T1215C,T1221C,G1254A,C1317T,G1329A,T1341C,C1419T,T1587C;;0:ATTTTCTAATATCCACAAA,1755:GGAAGGTTAGGCCTCGTATTTTCCTTTATTGTAGTGCTTGTTTGCTTGTCATCATTACAAAGAAACGTTATTGAAAAAT;;;T1215C;0;0;1;1;;HA1:N116K,HA1:L172Q,HA1:M251V,HA1:K298E,HA1:E312K;;;;R:637;;5157;0;1755;0.9994301994301994;;;;;4;25;good;1;15;-5;0;good;0;;;;;;0;;0;0;good;;0;0;good;false;;;
EPI_ISL_353604|B/Maryland/07/2019|HA;Y3;0;good;29;0;98;0;7;0;0;0;0;0;T48C,C300T,G360A,T393G,T403A,C495T,C525T,T560A,A567G,C621T,A627G,A702G,A796G,A837G,G870A,A877C,A937G,C942T,G979A,A1131G,A1135G,G1200A,T1221C,G1254A,C1317T,G1329A,T1341C,C1419T,T1587C;;0:ATTTTCTAATATCCACAAA,1755:GGAAGGTTAGGCCTCGTATTTTCCTTTATTGTAGTGCTTGTTTGCTTGTCATCATTACAAAGAAACGTTATTGAAAAAT;;;A1135G;0;0;1;1;;HA1:N116K,HA1:S120T,HA1:L172Q,HA1:M251V,HA1:K298E,HA1:E312K,HA2:I18V;;;;;;5149;0;1755;1;;;;;4;0;good;0;15;-5;0;good;0;;;;;;0;;0;0;good;;0;0;good;false;;;
EPI_ISL_305859|B/Maryland/06/2018|HA;Y3;0;good;27;0;98;0;5;0;0;0;0;0;T48C,G111A,C300T,G360A,T393G,C495T,C525T,T560A,A567G,C621T,A627G,A702G,A796G,A837G,A877C,A937G,C942T,G979A,G1200A,T1221C,G1254A,C1302A,C1317T,G1329A,T1341C,C1419T,T1587C;;0:ATTTTCTAATATCCACAAA,1755:GGAAGGTTAGGCCTCGTATTTTCCTTTATTGTAGTGCTTGTTTGCTTGTCATCATTACAAAGAAACGTTATTGAAAAAT;;;C1302A;0;0;1;1;;HA1:N116K,HA1:L172Q,HA1:M251V,HA1:K298E,HA1:E312K;;;;;;5157;0;1755;1;;;;;4;0;good;0;15;-5;0;good;0;;;;;;0;;0;0;good;;0;0;good;false;;;
EPI_ISL_307789|B/Maryland/17/2018|HA;Y3;0;good;26;0;98;0;5;0;0;0;0;0;T48C,C300T,G360A,T393G,C495T,C525T,T560A,A567G,C621T,A627G,A702G,A796G,A837G,A877C,A937G,C942T,G979A,A1131G,G1200A,T1221C,G1254A,C1317T,G1329A,T1341C,C1419T,T1587C;;0:ATTTTCTAATATCCACAAA,1755:GGAAGGTTAGGCCTCGTATTTTCCTTTATTGTAGTGCTTGTTTGCTTGTCATCATTACAAAGAAACGTTATTGAAAAAT;;;A1131G;0;0;1;1;;HA1:N116K,HA1:L172Q,HA1:M251V,HA1:K298E,HA1:E312K;;;;;;5161;0;1755;1;;;;;4;0;good;0;15;-5;0;good;0;;;;;;0;;0;0;good;;0;0;good;false;;;
EPI_ISL_307787|B/Maryland/13/2018|HA;Y3;0;good;26;0;98;0;5;0;0;0;0;0;T48C,T279C,C300T,G360A,T393G,C495T,C525T,T560A,A567G,C621T,A627G,A702G,A796G,A837G,A877C,A937G,C942T,G979A,G1200A,T1221C,G1254A,C1317T,G1329A,T1341C,C1419T,T1587C;;0:ATTTTCTAATATCCACAAA,1755:GGAAGGTTAGGCCTCGTATTTTCCTTTATTGTAGTGCTTGTTTGCTTGTCATCATTACAAAGAAACGTTATTGAAAAAT;;;T279C;0;0;1;1;;HA1:N116K,HA1:L172Q,HA1:M251V,HA1:K298E,HA1:E312K;;;;;;5161;0;1755;1;;;;;4;0;good;0;15;-5;0;good;0;;;;;;0;;0;0;good;;0;0;good;false;;;
EPI_ISL_307786|B/Maryland/11/2018|HA;Y3;0;good;26;0;98;0;5;0;0;0;0;0;T48C,G90A,C300T,G360A,T393G,C495T,C525T,T560A,A567G,C621T,A627G,A702G,A796G,A837G,A877C,A937G,C942T,G979A,G1200A,T1221C,G1254A,C1317T,G1329A,T1341C,C1419T,T1587C;;0:ATTTTCTAATATCCACAAA,1755:GGAAGGTTAGGCCTCGTATTTTCCTTTATTGTAGTGCTTGTTTGCTTGTCATCATTACAAAGAAACGTTATTGAAAAAT;;;;0;0;0;0;;HA1:N116K,HA1:L172Q,HA1:M251V,HA1:K298E,HA1:E312K;;;;;;5161;0;1755;1;;;;;4;0;good;0;15;-5;0;good;0;;;;;;0;;0;0;good;;0;0;good;false;;;
EPI_ISL_298420|B/Maryland/48/2017|HA;Y3;0;good;26;0;98;0;5;0;0;0;0;0;T48C,C300T,G360A,T393G,C495T,C525T,T560A,A567G,C621T,A627G,A702G,A796G,A837G,A877C,A937G,C942T,C954T,G979A,G1200A,T1221C,G1254A,C1317T,G1329A,T1341C,C1419T,T1587C;;0:ATTTTCTAATATCCACAAA,1755:GGAAGGTTAGGCCTCGTATTTTCCTTTATTGTAGTGCTTGTTTGCTTGTCATCATTACAAAGAAACGTTATTGAAAAAT;;;C954T;0;0;1;1;;HA1:N116K,HA1:L172Q,HA1:M251V,HA1:K298E,HA1:E312K;;;;;;5161;0;1755;1;;;;;4;0;good;0;15;-5;0;good;0;;;;;;0;;0;0;good;;0;0;good;false;;;
EPI_ISL_284099|B/Maryland/42/2017|HA;Y3;0;good;26;0;98;0;5;0;0;0;0;0;T48C,C300T,G360A,T393G,C495T,C525T,T560A,A567G,C621T,A627G,A702G,A796G,A837G,A877C,A937G,C942T,G979A,G1200A,T1221C,G1254A,C1317T,G1329A,T1341C,C1419T,T1581G,T1587C;;0:ATTTTCTAATATCCACAAA,1755:GGAAGGTTAGGCCTCGTATTTTCCTTTATTGTAGTGCTTGTTTGCTTGTCATCATTACAAAGAAACGTTATTGAAAAAT;;;T1581G;0;0;1;1;;HA1:N116K,HA1:L172Q,HA1:M251V,HA1:K298E,HA1:E312K;;;;;;5161;0;1755;1;;;;;4;0;good;0;15;-5;0;good;0;;;;;;0;;0;0;good;;0;0;good;false;;;
EPI_ISL_284133|B/Maryland/42/2017|HA;Y3;0;good;26;0;98;0;5;0;0;0;0;0;T48C,C300T,G360A,T393G,C495T,C525T,T560A,A567G,C621T,A627G,A702G,A796G,A837G,A877C,A937G,C942T,G979A,G1200A,T1221C,G1254A,C1317T,G1329A,T1341C,C1419T,T1581G,T1587C;;0:ATTTTCTAATATCCACAAA,1755:GGAAGGTTAGGCCTCGTATTTTCCTTTATTGTAGTGCTTGTTTGCTTGTCATCATTACAAAGAAACGTTATTGAAAAAT;;;T1581G;0;0;1;1;;HA1:N116K,HA1:L172Q,HA1:M251V,HA1:K298E,HA1:E312K;;;;;;5161;0;1755;1;;;;;4;0;good;0;15;-5;0;good;0;;;;;;0;;0;0;good;;0;0;good;false;;;
EPI_ISL_307785|B/Maryland/10/2018|HA;Y3;0;good;25;0;98;0;5;0;0;0;0;0;T48C,C300T,G360A,T393G,C495T,C525T,T560A,A567G,C621T,A627G,A702G,A796G,A837G,A877C,A937G,C942T,G979A,G1200A,T1221C,G1254A,C1317T,G1329A,T1341C,C1419T,T1587C;;0:ATTTTCTAATATCCACAAA,1755:GGAAGGTTAGGCCTCGTATTTTCCTTTATTGTAGTGCTTGTTTGCTTGTCATCATTACAAAGAAACGTTATTGAAAAAT;;;;0;0;0;0;;HA1:N116K,HA1:L172Q,HA1:M251V,HA1:K298E,HA1:E312K;;;;;;5165;0;1755;1;;;;;4;0;good;0;15;-5;0;good;0;;;;;;0;;0;0;good;;0;0;good;false;;;
EPI_ISL_307793|B/Maryland/19/2018|HA;Y3;0;good;25;0;98;0;5;0;0;0;0;0;T48C,C300T,G360A,T393G,C495T,C525T,T560A,A567G,C621T,A627G,A702G,A796G,A837G,A877C,A937G,C942T,G979A,G1200A,T1221C,G1254A,C1317T,G1329A,T1341C,C1419T,T1587C;;0:ATTTTCTAATATCCACAAA,1755:GGAAGGTTAGGCCTCGTATTTTCCTTTATTGTAGTGCTTGTTTGCTTGTCATCATTACAAAGAAACGTTATTGAAAAAT;;;;0;0;0;0;;HA1:N116K,HA1:L172Q,HA1:M251V,HA1:K298E,HA1:E312K;;;;;;5165;0;1755;1;;;;;4;0;good;0;15;-5;0;good;0;;;;;;0;;0;0;good;;0;0;good;false;;;
